Timestamp,pv,Position,datetime,elevation,azimuth,groundpoint,latitude,longitude,day,hour
2020-01-01 00:16:00,"{2020-01-01T00:16:00.000, P(898213.933994228, 955831.5382993284, 6391124.230166142), V(371.4023038535339, -7623.9363899870295, 2642.6647076631803), A(-1.2891693477455282, -1.3718655146045289, -9.172916543974335)}","{898,213.933994228; 955,831.5382993284; 6,391,124.230166142}",2020-01-01 00:16:00,0.2088094906589197,23.232056040318923,"{lat: 78.4759457984 deg, lon: 46.7799905553 deg, alt: 166,716.589112578}",78.47594579835173,46.77999055527616,1,0
2020-01-01 00:17:00,"{2020-01-01T00:17:00.000, P(918191.8743712424, 496346.87849584396, 6533274.662240347), V(294.78347874872986, -7685.331650441115, 2097.493439347806), A(-1.2637467471156718, -0.6831434372795686, -8.99202534118839)}","{918,191.8743712424; 496,346.878495844; 6,533,274.662240347}",2020-01-01 00:17:00,3.0785185785077185,5.037367774720055,"{lat: 80.9805290346 deg, lon: 28.39432067 deg, alt: 258,843.2582533422}",80.98052903458618,28.394320669985365,1,0
2020-01-01 00:18:00,"{2020-01-01T00:18:00.000, P(933622.0227294386, 34387.59127883986, 6643065.872680154), V(219.86582435328296, -7706.933964188837, 1564.4266295903985), A(-1.232663099045228, -0.045402008310122546, -8.770853692846709)}","{933,622.0227294386; 34,387.5912788399; 6,643,065.872680154}",2020-01-01 00:18:00,4.196503638610393,349.87902857328095,"{lat: 82.0447953668 deg, lon: 2.1093906866 deg, alt: 351,274.0535297369}",82.04479536676301,2.10939068662828,1,0
2020-01-01 00:19:00,"{2020-01-01T00:19:00.000, P(944615.941819875, -427750.2400865024, 6721291.671706587), V(146.95447911570974, -7691.7860739441685, 1045.6354512686678), A(-1.1970462076991388, 0.54205818478086, -8.517426342557298)}","{944,615.941819875; -427,750.2400865024; 6,721,291.671706587}",2020-01-01 00:19:00,3.9921294900557767,338.4690495558627,"{lat: 81.2836905209 deg, lon: -24.3624341362 deg, alt: 443,563.8267002672}",81.28369052085515,-24.36243413621705,1,0
2020-01-01 00:20:00,"{2020-01-01T00:20:00.000, P(951301.5556109913, -887951.2928866296, 6768862.28565145), V(76.29106105196097, -7642.862177828879, 542.839105897692), A(-1.1578857306351702, 1.080778356209176, -8.238785069742214)}","{951,301.5556109913; -887,951.2928866296; 6,768,862.28565145}",2020-01-01 00:20:00,3.0367306329291126,330.11758916091475,"{lat: 79.1832508957 deg, lon: -43.0273140045 deg, alt: 535,305.9722537271}",79.18325089568486,-43.027314004544536,1,0
2020-01-01 00:21:00,"{2020-01-01T00:21:00.000, P(953819.5854324495, -1344275.5296742795, 6786778.9988031145), V(8.061877841118998, -7563.024945253827, 57.36324149626162), A(-1.1160366985189953, 1.5728979011867927, -7.941013733711698)}","{953,819.5854324495; -1,344,275.5296742795; 6,786,778.9988031145}",2020-01-01 00:21:00,1.6976952640798284,323.93470661916956,"{lat: 76.4291844513 deg, lon: -54.6427088273 deg, alt: 626,130.4053340004}",76.42918445127275,-54.64270882729028,1,0
2020-01-01 00:22:00,"{2020-01-01T00:22:00.000, P(952320.4694742295, -1794950.5567416598, 6776112.234503653), V(-57.59421496731818, -7454.995867610796, -409.8041333629402), A(-1.0722273963683286, 2.0209532649524475, -7.629294351630063)}","{952,320.4694742295; -1,794,950.5567416598; 6,776,112.234503653}",2020-01-01 00:22:00,0.16830417332423445,319.2383923050924,"{lat: 73.4026814038 deg, lon: -62.0515784721 deg, alt: 715,701.2763520596}",73.40268140376237,-62.05157847213622,1,0
2020-01-01 01:54:00,"{2020-01-01T01:54:00.000, P(915635.4300644584, 561774.147278214, 6515084.6158228945), V(305.56338708224763, -7679.111238716139, 2174.196472714196), A(-1.2677279316163867, -0.7777951293501544, -9.020352940844003)}","{915,635.4300644584; 561,774.147278214; 6,515,084.6158228945}",2020-01-01 01:54:00,2.779694632814703,7.480962413730033,"{lat: 80.6963816315 deg, lon: 31.5305619383 deg, alt: 245,737.1022583223}",80.69638163154393,31.53056193830235,1,1
2020-01-01 01:55:00,"{2020-01-01T01:55:00.000, P(931704.7434625733, 100022.05502884518, 6629423.721835345), V(230.38410393057308, -7706.175686718013, 1639.268077626221), A(-1.2373759532980788, -0.13283702434764072, -8.804387393303452)}","{931,704.7434625733; 100,022.0550288452; 6,629,423.721835345}",2020-01-01 01:55:00,4.133027194475557,351.79639974739763,"{lat: 82.005124886 deg, lon: 6.1274528939 deg, alt: 338,152.7528898043}",82.00512488596436,6.127452893929455,1,1
2020-01-01 01:56:00,"{2020-01-01T01:56:00.000, P(943320.9068148357, -362223.39501527866, 6712077.018842302), V(157.171878110116, -7696.0610240214355, 1118.3360227149851), A(-1.2023390709410886, 0.46168312086534125, -8.555087021413787)}","{943,320.9068148357; -362,223.3950152787; 6,712,077.018842302}",2020-01-01 01:56:00,4.078210348208219,339.88062352924356,"{lat: 81.4915632585 deg, lon: -21.0061630604 deg, alt: 430,488.1780004497}",81.4915632584964,-21.006163060382782,1,1
2020-01-01 01:57:00,"{2020-01-01T01:57:00.000, P(950609.750189327, -822821.4953162886, 6763939.834300359), V(86.1768392710927, -7651.754136851876, 613.1800729203072), A(-1.1636264631505617, 1.0072028676420146, -8.279632504066537)}","{950,609.750189327; -822,821.4953162886; 6,763,939.834300359}",2020-01-01 01:57:00,3.20193472807827,331.15204286801867,"{lat: 79.5339649106 deg, lon: -40.8785574482 deg, alt: 522,331.4162392192}",79.53396491058406,-40.87855744818499,1,1
2020-01-01 01:58:00,"{2020-01-01T01:58:00.000, P(953710.3769659849, -1279807.7513745474, 6786001.940187404), V(17.5926566397831, -7576.135612693253, 125.17825639101757), A(-1.122111870342378, 1.5057899172096207, -7.984240827362077)}","{953,710.3769659849; -1,279,807.7513745474; 6,786,001.940187404}",2020-01-01 01:58:00,1.9025038156218839,324.7086499904218,"{lat: 76.8425237614 deg, lon: -53.3065888137 deg, alt: 613,307.3335528922}",76.84252376138703,-53.30658881369789,1,1
2020-01-01 01:59:00,"{2020-01-01T01:59:00.000, P(952772.0161303302, -1731386.5000798728, 6779325.155908716), V(-48.43553776620821, -7471.948352863775, -344.6367589090718), A(-1.078540973647047, 1.959935063101245, -7.67421778823899)}","{952,772.0161303302; -1,731,386.5000798728; 6,779,325.155908716}",2020-01-01 01:59:00,0.39263878814278075,319.8338235558049,"{lat: 73.8410706847 deg, lon: -61.1762645705 deg, alt: 703,075.3661339566}",73.84107068471774,-61.17626457045413,1,1
2020-01-01 03:31:00,"{2020-01-01T03:31:00.000, P(912987.0342075953, 627144.9939329211, 6496240.300130083), V(316.3767047485214, -7672.08032947763, 2251.137225835322), A(-1.2715918298825248, -0.8734762056385332, -9.047846005577254)}","{912,987.0342075953; 627,144.9939329211; 6,496,240.300130083}",2020-01-01 03:31:00,2.4435819283271707,9.984326567328923,"{lat: 80.3852200519 deg, lon: 34.4857780629 deg, alt: 232,638.3453721064}",80.38522005190048,34.48577806289678,1,3
2020-01-01 03:32:00,"{2020-01-01T03:32:00.000, P(929697.7140294714, 165646.87754403814, 6615142.965375118), V(240.94212239236185, -7704.668425507223, 1714.3922825176062), A(-1.2419946445001122, -0.22128970705561998, -8.837251088839444)}","{929,697.7140294714; 165,646.8775440381; 6,615,142.965375118}",2020-01-01 03:32:00,4.040951593521643,353.79238731520417,"{lat: 81.9267529485 deg, lon: 10.1025381484 deg, alt: 325,029.7719277416}",81.92675294846447,10.102538148371291,1,3
2020-01-01 03:33:00,"{2020-01-01T03:33:00.000, P(941938.6628549928, -296663.0686017536, 6702241.842021488), V(167.43404199812218, -7699.647244012004, 1191.3551129298487), A(-1.207558099160641, 0.38031976532960887, -8.592222336787458)}","{941,938.6628549928; -296,663.0686017536; 6,702,241.842021488}",2020-01-01 03:33:00,4.148143834636877,341.35670587721864,"{lat: 81.6699212375 deg, lon: -17.4817926929 deg, alt: 417,402.5520278215}",81.66992123752011,-17.481792692898296,1,3
2020-01-01 03:34:00,"{2020-01-01T03:34:00.000, P(949833.5436526574, -757618.6479018773, 6758416.837811023), V(96.11127136582725, -7660.015455206114, 683.8672302562634), A(-1.169310952308771, 0.9326810877390823, -8.32007974611008)}","{949,833.5436526574; -757,618.6479018773; 6,758,416.837811023}",2020-01-01 03:34:00,3.358923193966176,332.2321456620085,"{lat: 79.8705363489 deg, lon: -38.577020683 deg, alt: 509,339.3284613455}",79.87053634894909,-38.57702068298969,1,3
2020-01-01 03:35:00,"{2020-01-01T03:35:00.000, P(953519.7784766447, -1215230.7588526823, 6784645.76146722), V(27.175001266228584, -7588.670936394276, 193.36018121547883), A(-1.1281458057535454, 1.4377861000561631, -8.02717450869352)}","{953,519.7784766447; -1,215,230.7588526823; 6,784,645.76146722}",2020-01-01 03:35:00,2.1032372481845076,325.51380635801854,"{lat: 77.2499870079 deg, lon: -51.8808181278 deg, alt: 600,459.8722749271}",77.24998700787789,-51.88081812778282,1,3
2020-01-01 03:36:00,"{2020-01-01T03:36:00.000, P(953145.3330201823, -1667680.28829688, 6781981.443603625), V(-39.22321076840809, -7488.377595821391, -279.0876463162221), A(-1.0848259448059105, 1.8980765909573505, -7.718937681728825)}","{953,145.3330201823; -1,667,680.28829688; 6,781,981.443603625}",2020-01-01 03:36:00,0.6149791009670916,320.45076096936657,"{lat: 74.2772255202 deg, lon: -60.2503231536 deg, alt: 690,418.856852933}",74.27722552022082,-60.25032315356004,1,3
2020-01-01 05:08:00,"{2020-01-01T05:08:00.000, P(910246.4065612603, 692452.4784137947, 6476739.721155022), V(327.2224179713662, -7664.230155909877, 2328.3084853188147), A(-1.275334935670566, -0.9701865677767407, -9.074479587169163)}","{910,246.4065612603; 692,452.4784137947; 6,476,739.721155022}",2020-01-01 05:08:00,2.070439564845422,12.540312392163926,"{lat: 80.0491774235 deg, lon: 37.2613661201 deg, alt: 219,548.3417071948}",80.04917742354745,37.261366120056266,1,5
2020-01-01 05:09:00,"{2020-01-01T05:09:00.000, P(927600.599440872, 231255.643058269, 6600221.219727027), V(251.53906457387393, -7702.403500996617, 1789.7934440657934), A(-1.2465160605504169, -0.3107629224677119, -8.869422635706083)}","{927,600.599440872; 231,255.643058269; 6,600,221.219727027}",2020-01-01 05:09:00,3.9184149304388294,355.8671860036132,"{lat: 81.8103418747 deg, lon: 13.9987693756 deg, alt: 311,906.3509315696}",81.8103418746746,13.998769375581444,1,5
2020-01-01 05:10:00,"{2020-01-01T05:10:00.000, P(940468.8314043777, -231075.16241425535, 6691783.447820773), V(177.7403304262904, -7702.536295323885, 1264.6881655617956), A(-1.2127005761087672, 0.2979630724877312, -8.628812961562216)}","{940,468.8314043777; -231,075.1624142553; 6,691,783.447820773}",2020-01-01 05:10:00,4.200400222046761,342.90001228325025,"{lat: 81.8164232695 deg, lon: -13.8042437182 deg, alt: 404,308.0802664296}",81.8164232695096,-13.804243718248411,1,5
2020-01-01 05:11:00,"{2020-01-01T05:11:00.000, P(948972.5237013785, -692348.1559801, 6752290.362519325), V(106.09386842439228, -7667.638045594652, 754.8970991175388), A(-1.174936862753917, 0.8572064522457118, -8.360110178952318)}","{948,972.5237013785; -692,348.1559801; 6,752,290.362519325}",2020-01-01 05:11:00,3.5068467777149803,333.3603692985461,"{lat: 80.1911970303 deg, lon: -36.1136157117 deg, alt: 496,330.7377016572}",80.19119703030195,-36.11361571172346,1,5
2020-01-01 05:12:00,"{2020-01-01T05:12:00.000, P(953247.3523162517, -1150549.4846831474, 6782707.348613976), V(36.80855212692642, -7600.623254676609, 261.9064573287366), A(-1.1341365245828967, 1.3688789071886949, -8.069800688067204)}","{953,247.3523162517; -1,150,549.4846831474; 6,782,707.348613976}",2020-01-01 05:12:00,2.299466405942451,326.35190917998654,"{lat: 77.6507678996 deg, lon: -50.3577466666 deg, alt: 587,588.9542986932}",77.65076789964958,-50.357746666638285,1,5
2020-01-01 05:13:00,"{2020-01-01T05:13:00.000, P(953439.9642852492, -1603836.4082294253, 6784077.853986349), V(-29.95748462629644, -7504.27640571297, -213.158579068737), A(-1.0910806530230912, 1.8353697570722267, -7.763442243199699)}","{953,439.9642852492; -1,603,836.4082294253; 6,784,077.853986349}",2020-01-01 05:13:00,0.8351088238089888,321.09034587784043,"{lat: 74.710791053 deg, lon: -59.269593099 deg, alt: 677,732.5923121123}",74.71079105296887,-59.26959309903115,1,5
2020-01-01 06:45:00,"{2020-01-01T06:45:00.000, P(907413.2756478445, 757689.5860203372, 6456580.947234153), V(338.09948288062577, -7655.551954113875, 2405.7028236425676), A(-1.2789536882121864, -1.0679256261363657, -9.10022834943661)}","{907,413.2756478445; 757,689.5860203372; 6,456,580.947234153}",2020-01-01 06:45:00,1.6610777864415383,15.14066027824189,"{lat: 79.6902953424 deg, lon: 39.8618628528 deg, alt: 206,468.4618512248}",79.69029534239361,39.86186285282655,1,6
2020-01-01 06:46:00,"{2020-01-01T06:46:00.000, P(925413.071763527, 296841.86178518616, 6584656.151524769), V(262.1740885649762, -7699.372210782292, 1865.4655717689125), A(-1.250937032827629, -0.4012591664530506, -8.900879487990858)}","{925,413.071763527; 296,841.8617851862; 6,584,656.151524769}",2020-01-01 06:46:00,3.7636509201152415,358.02021415922434,"{lat: 81.6570380684 deg, lon: 17.7845202103 deg, alt: 298,783.7460720721}",81.65703806842349,17.784520210279506,1,6
2020-01-01 06:47:00,"{2020-01-01T06:47:00.000, P(938911.039479859, -165465.6500693141, 6680699.182327278), V(188.09007967134903, -7704.719697517019, 1338.3304579743549), A(-1.2177637299421276, 0.21460826290564586, -8.66483917304788)}","{938,911.039479859; -165,465.6500693141; 6,680,699.182327278}",2020-01-01 06:47:00,4.23334880186724,344.51314803324476,"{lat: 81.9289121623 deg, lon: -9.9946912261 deg, alt: 391,205.9092923109}",81.92891216228301,-9.99469122606871,1,6
2020-01-01 06:48:00,"{2020-01-01T06:48:00.000, P(948026.2822851008, -627015.4940001199, 6745557.504995876), V(116.12412142162042, -7674.6137655735465, 826.2660576018693), A(-1.180501806436549, 0.7807725768390119, -8.39970681073849)}","{948,026.2822851008; -627,015.4940001199; 6,745,557.504995876}",2020-01-01 06:48:00,3.644773668989555,334.53927994426607,"{lat: 80.4940100664 deg, lon: -33.4802680354 deg, alt: 483,306.6869205717}",80.49401006635557,-33.48026803542011,1,6
2020-01-01 06:49:00,"{2020-01-01T06:49:00.000, P(952892.6639715559, -1085768.9269643703, 6780183.609905244), V(46.492932557559755, -7611.98484208627, 330.81440462491526), A(-1.1400819980830927, 1.2990609063467673, -8.112104930195736)}","{952,892.6639715559; -1,085,768.9269643703; 6,780,183.609905244}",2020-01-01 06:49:00,2.4907178576536713,327.2247926050007,"{lat: 78.0439590469 deg, lon: -48.7291601703 deg, alt: 574,695.5256245019}",78.0439590468876,-48.729160170323915,1,6
2020-01-01 06:50:00,"{2020-01-01T06:50:00.000, P(953655.4562623238, -1539859.4082482057, 6785611.159075442), V(-20.63862428892869, -7519.637523087849, -146.85144237710335), A(-1.0973033976506184, 1.7718065255951723, -7.807719371912535)}","{953,655.4562623238; -1,539,859.4082482057; 6,785,611.159075442}",2020-01-01 06:50:00,1.0527898710646337,321.7537905725414,"{lat: 75.1413697163 deg, lon: -58.2295149796 deg, alt: 665,017.428518754}",75.14136971627171,-58.22951497955941,1,6
2020-01-01 08:22:00,"{2020-01-01T08:22:00.000, P(904487.3790097934, 822849.2274405923, 6435762.110884938), V(349.0068250502256, -7646.036967369653, 2483.312595867823), A(-1.2824444727971431, -1.166692281358147, -9.125066572379778)}","{904,487.3790097934; 822,849.2274405923; 6,435,762.110884938}",2020-01-01 08:22:00,1.2168805482018523,17.776116604098192,"{lat: 79.3104926155 deg, lon: 42.2940749428 deg, alt: 193,400.0929296955}",79.310492615491,42.29407494284996,1,8
2020-01-01 08:23:00,"{2020-01-01T08:23:00.000, P(923134.8103500276, 362398.969737353, 6568445.47924348), V(272.8463252291249, -7695.565832837483, 1941.4024813991145), A(-1.2552543362710562, -0.49278054854251335, -8.931598698194566)}","{923,134.8103500276; 362,398.969737353; 6,568,445.47924348}",2020-01-01 08:23:00,3.5750501304519853,0.2499970755487489,"{lat: 81.468388968 deg, lon: 21.4336942692 deg, alt: 285,663.2295009251}",81.46838896801268,21.433694269199407,1,8
2020-01-01 08:24:00,"{2020-01-01T08:24:00.000, P(937264.9198521981, -99840.57757838225, 6668986.432569197), V(198.4826021655093, -7706.188930628806, 1412.2770978684994), A(-1.2227447329513936, 0.1302508370718102, -8.700280851047118)}","{937,264.9198521981; -99,840.5775783822; 6,668,986.432569197}",2020-01-01 08:24:00,4.245265376597228,346.1985447458564,"{lat: 82.0055201773 deg, lon: -6.0804076674 deg, alt: 378,097.2008947886}",82.00552017731475,-6.080407667409006,1,8
2020-01-01 08:25:00,"{2020-01-01T08:25:00.000, P(946994.4157758666, -561626.205986669, 6738215.393278528), V(126.2015007680085, -7680.934419131733, 897.9703374841391), A(-1.186003342112304, 0.7033732683337092, -8.438852271112372)}","{946,994.4157758666; -561,626.205986669; 6,738,215.393278528}",2020-01-01 08:25:00,3.7716835761183725,335.7715274462693,"{lat: 80.7768761291 deg, lon: -30.6705601537 deg, alt: 470,268.2333920829}",80.77687612908024,-30.670560153656435,1,8
2020-01-01 08:26:00,"{2020-01-01T08:26:00.000, P(952455.2822113894, -1020894.1498578654, 6777071.476971832), V(56.22774840657996, -7622.747910372582, 400.0812185700196), A(-1.1459801482945078, 1.2283247844778682, -8.154072449628112)}","{952,455.2822113894; -1,020,894.1498578654; 6,777,071.476971832}",2020-01-01 08:26:00,2.6764693825072245,328.13439465512045,"{lat: 78.4285400609 deg, lon: -46.9863117815 deg, alt: 561,780.5455952381}",78.42854006085166,-46.98631178153986,1,8
2020-01-01 08:27:00,"{2020-01-01T08:27:00.000, P(953791.3576068875, -1475753.89884077, 6786578.147387782), V(-11.266909378265321, -7534.453620318153, -80.16822585495252), A(-1.1034924335186116, 1.7073789231979728, -7.851756650338404)}","{953,791.3576068875; -1,475,753.89884077; 6,786,578.147387782}",2020-01-01 08:27:00,1.2677600301832663,322.4423825699397,"{lat: 75.568515568 deg, lon: -57.1250959164 deg, alt: 652,274.2338258262}",75.56851556802651,-57.12509591642278,1,8
2020-01-01 09:59:00,"{2020-01-01T09:59:00.000, P(901468.4634717905, 887924.2388309768, 6414281.410671397), V(359.9433390415466, -7635.676450557156, 2561.1299363901), A(-1.2858036214407451, -1.266484905591613, -9.14896815693145)}","{901,468.4634717905; 887,924.2388309768; 6,414,281.410671397}",2020-01-01 09:59:00,0.7398016616887761,20.436603808992707,"{lat: 78.9115471794 deg, lon: 44.5663265598 deg, alt: 180,344.6386625056}",78.91154717937135,44.566326559809966,1,9
2020-01-01 10:00:00,"{2020-01-01T10:00:00.000, P(920765.5020727309, 427920.3285732786, 6551586.974864208), V(283.5548777232456, -7690.975628872966, 2017.5977915863432), A(-1.2594646895233825, -0.585328775409221, -8.961556918246709)}","{920,765.5020727309; 427,920.3285732786; 6,551,586.974864208}",2020-01-01 10:00:00,3.3512284755324298,2.5540587668502543,"{lat: 81.2462444329 deg, lon: 24.9263708422 deg, alt: 272,546.0894446851}",81.24624443287905,24.926370842163774,1,10
2020-01-01 10:01:00,"{2020-01-01T10:01:00.000, P(935530.11125115, -34206.06367397997, 6656642.627975168), V(208.91718601968643, -7706.935437617594, 1486.5230198901907), A(-1.2276407013315578, 0.044886589425066, -8.735117476221088)}","{935,530.11125115; -34,206.06367398; 6,656,642.627975168}",2020-01-01 10:01:00,4.234344814736712,347.95838585995585,"{lat: 82.0447711833 deg, lon: -2.0939897016 deg, alt: 364,983.1321950586}",82.04477118331577,-2.093989701555339,1,10
2020-01-01 10:02:00,"{2020-01-01T10:02:00.000, P(945876.5251452217, -496185.9059890541, 6730261.188132301), V(136.325455854654, -7686.591758367819, 970.0060209784342), A(-1.1914389748667138, 0.6250025362286545, -8.477528807835101)}","{945,876.5251452217; -496,185.9059890541; 6,730,261.188132301}",2020-01-01 10:02:00,3.886462173999077,337.0598301906387,"{lat: 81.0375504353 deg, lon: -27.6805098114 deg, alt: 457,216.4488370192}",81.03755043529972,-27.68050981135986,1,10
2020-01-01 10:03:00,"{2020-01-01T10:03:00.000, P(951934.7792373911, -955930.2841184374, 6773367.905870234), V(66.01258761345717, -7632.904609542564, 469.7039672010317), A(-1.1518288474246985, 1.156663356975555, -8.195688106334407)}","{951,934.7792373911; -955,930.2841184374; 6,773,367.905870234}",2020-01-01 10:03:00,2.856145095612958,329.08275964615007,"{lat: 78.8033651182 deg, lon: -45.1199902637 deg, alt: 548,844.9870366169}",78.80336511815355,-45.119990263689196,1,10
2020-01-01 10:04:00,"{2020-01-01T10:04:00.000, P(953847.2194196963, -1411524.5531898306, 6786975.624839279), V(-1.8426345712977097, -7548.717302161708, -13.111026238026849), A(-1.1096459702446564, 1.642079046266329, -7.895541339244483)}","{953,847.2194196963; -1,411,524.5531898306; 6,786,975.624839279}",2020-01-01 10:04:00,1.4797303834693825,323.15748897568017,"{lat: 75.9917278607 deg, lon: -55.9508742468 deg, alt: 639,503.8890737128}",75.9917278606538,-55.95087424684431,1,10
2020-01-01 11:36:00,"{2020-01-01T11:36:00.000, P(898356.2854067977, 952907.381934562, 6392137.113097079), V(370.9078879528755, -7624.461674738073, 2639.14675573337), A(-1.289027413639382, -1.3673013234573945, -9.17190663033289)}","{898,356.2854067977; 952,907.381934562; 6,392,137.113097079}",2020-01-01 11:36:00,0.2323319390220473,23.111437025700976,"{lat: 78.4950883058 deg, lon: 46.6878435449 deg, alt: 167,303.5194139337}",78.49508830583906,46.68784354494994,1,11
2020-01-01 11:37:00,"{2020-01-01T11:37:00.000, P(918304.84156176, 493399.2254738298, 6534078.465567379), V(294.29882101912796, -7685.5928478396, 2094.044920412877), A(-1.26356475513806, -0.6789051340085078, -8.990730400981175)}","{918,304.84156176; 493,399.2254738298; 6,534,078.465567379}",2020-01-01 11:37:00,3.091100469103445,4.928830317639204,"{lat: 80.9926546953 deg, lon: 28.2488494242 deg, alt: 259,433.63029423}",80.9926546952797,28.248849424243026,1,11
2020-01-01 11:38:00,"{2020-01-01T11:38:00.000, P(933706.2585746322, 31431.699885469752, 6643665.241862584), V(219.39309454495196, -7706.950626927142, 1561.0629822253318), A(-1.2324486949967375, -0.04148837725958107, -8.769328128771722)}","{933,706.2585746322; 31,431.6998854698; 6,643,665.241862584}",2020-01-01 11:38:00,4.198719757282211,349.7945206277349,"{lat: 82.0456670885 deg, lon: 1.9280409841 deg, alt: 351,864.8957619584}",82.04566708851205,1.9280409840863122,1,11
2020-01-01 11:39:00,"{2020-01-01T11:39:00.000, P(944672.2161451849, -430700.27851572394, 6721692.0843370445), V(146.49541459422164, -7691.577485266643, 1042.3690374718506), A(-1.196806155668123, 0.5456546045981865, -8.515718283604011)}","{944,672.2161451849; -430,700.2785157239; 6,721,692.0843370445}",2020-01-01 11:39:00,3.9878962484930707,338.40695464290127,"{lat: 81.2736735305 deg, lon: -24.5094582927 deg, alt: 444,152.4195547749}",81.27367353053525,-24.509458292742085,1,11
2020-01-01 11:40:00,"{2020-01-01T11:40:00.000, P(951330.7308383451, -890882.5276153645, 6769069.878180807), V(75.84701978166657, -7642.447028995285, 539.6795880875502), A(-1.157625917243353, 1.0840695772310316, -8.236936401400609)}","{951,330.7308383451; -890,882.5276153645; 6,769,069.878180807}",2020-01-01 11:40:00,3.0291102247254122,330.0720395672338,"{lat: 79.1671504463 deg, lon: -43.120638472 deg, alt: 535,889.8363969164}",79.1671504463481,-43.1206384719545,1,11
2020-01-01 11:41:00,"{2020-01-01T11:41:00.000, P(953822.595376647, -1347176.107746097, 6786800.4156689225), V(7.633890012032324, -7562.42110638745, 54.31794985562935), A(-1.115762171549433, 1.5758990683636938, -7.939060372824497)}","{953,822.595376647; -1,347,176.107746097; 6,786,800.4156689225}",2020-01-01 11:41:00,1.6883824590111218,323.9005608986571,"{lat: 76.4104437698 deg, lon: -54.7008855071 deg, alt: 626,707.2877319282}",76.41044376975356,-54.70088550713879,1,11
2020-01-01 11:42:00,"{2020-01-01T11:42:00.000, P(952298.3011526532, -1797809.6688040164, 6775954.498699513), V(-58.00539833956346, -7454.220235636685, -412.7298550801621), A(-1.0719424251792815, 2.023681501957879, -7.627266676259765)}","{952,298.3011526532; -1,797,809.6688040164; 6,775,954.498699513}",2020-01-01 11:42:00,0.15815783921533844,319.21206637564467,"{lat: 73.3828917294 deg, lon: -62.0898680564 deg, alt: 716,269.1351226147}",73.38289172935734,-62.08986805643756,1,11
2020-01-01 13:14:00,"{2020-01-01T13:14:00.000, P(915752.5314470902, 558828.8730487108, 6515917.835455323), V(305.077201426811, -7679.408729575929, 2170.7370820220444), A(-1.2675511398544956, -0.7735104743823717, -9.019095002094275)}","{915,752.5314470902; 558,828.8730487108; 6,515,917.835455323}",2020-01-01 13:14:00,2.7939535323989073,7.369583856713242,"{lat: 80.7097749707 deg, lon: 31.393214042 deg, alt: 246,327.1726895852}",80.70977497066121,31.39321404202736,1,13
2020-01-01 13:15:00,"{2020-01-01T13:15:00.000, P(931793.0131019928, 97066.4480325663, 6630051.792955076), V(229.90956577250955, -7706.225875175149, 1635.8915631842199), A(-1.2371657174420914, -0.1288776371267132, -8.802891487459199)}","{931,793.0131019928; 97,066.4480325663; 6,630,051.792955076}",2020-01-01 13:15:00,4.136486557855733,351.708366995769,"{lat: 82.0077465408 deg, lon: 5.9471474838 deg, alt: 338,743.699724816}",82.0077465408314,5.947147483756553,1,13
2020-01-01 13:16:00,"{2020-01-01T13:16:00.000, P(943381.0994931388, -365175.07895313523, 6712505.31200301), V(156.7107829582505, -7695.883253578614, 1115.055160232263), A(-1.2021022809508466, 0.4653239243311361, -8.553402173086655)}","{943,381.0994931388; -365,175.0789531352; 6,712,505.31200301}",2020-01-01 13:16:00,4.074669957496372,339.8156885682409,"{lat: 81.4828186171 deg, lon: -21.1610114844 deg, alt: 431,077.2465533101}",81.48281861708236,-21.161011484446327,1,13
2020-01-01 13:17:00,"{2020-01-01T13:17:00.000, P(950642.716548181, -825756.1458436544, 6764174.402132006), V(85.73059574658004, -7651.367198738923, 610.0048852571797), A(-1.1633691284943053, 1.0105365465031257, -8.27780147284489)}","{950,642.716548181; -825,756.1458436544; 6,764,174.402132006}",2020-01-01 13:17:00,3.1946655672119446,331.10449407841423,"{lat: 79.5184624493 deg, lon: -40.9785385698 deg, alt: 522,916.0938859764}",79.5184624493237,-40.97853856983517,1,13
2020-01-01 13:18:00,"{2020-01-01T13:18:00.000, P(953717.0418619723, -1282713.3627967327, 6786049.3633865155), V(17.162338414934165, -7575.557504465304, 122.11638312293734), A(-1.1218391545795765, 1.5088312479751964, -7.982300353880623)}","{953,717.0418619723; -1,282,713.3627967327; 6,786,049.3633865155}",2020-01-01 13:18:00,1.893365088691923,324.67313785056666,"{lat: 76.8240302124 deg, lon: -53.3686319514 deg, alt: 613,885.3360410633}",76.82403021236537,-53.36863195140968,1,13
2020-01-01 13:19:00,"{2020-01-01T13:19:00.000, P(952753.3600285911, -1734252.1185209304, 6779192.410847263), V(-48.849142863682395, -7471.196116358338, -347.57971209666334), A(-1.0782572524070198, 1.9627009494265293, -7.672199006718102)}","{952,753.3600285911; -1,734,252.1185209304; 6,779,192.410847263}",2020-01-01 13:19:00,0.3825774989767074,319.8065548921976,"{lat: 73.8213739085 deg, lon: -61.2167421573 deg, alt: 703,644.6225567061}",73.82137390846026,-61.216742157314435,1,13
2020-01-01 14:51:00,"{2020-01-01T14:51:00.000, P(913108.2826046511, 624202.4092753917, 6497103.027303382), V(315.88903612073693, -7672.41450860355, 2247.667283246628), A(-1.2714203949443086, -0.8691451921367831, -9.046626182608513)}","{913,108.2826046511; 624,202.4092753917; 6,497,103.027303382}",2020-01-01 14:51:00,2.4595184962941854,9.8704014105781,"{lat: 80.3997835417 deg, lon: 34.3565794269 deg, alt: 233,228.0535995591}",80.39978354172038,34.356579426900026,1,14
2020-01-01 14:52:00,"{2020-01-01T14:52:00.000, P(929790.0327113369, 162691.8421324793, 6615799.846928874), V(240.4658119728954, -7704.752529968844, 1711.0031577804787), A(-1.2417887156556777, -0.2172844261410466, -8.835785828974789)}","{929,790.0327113369; 162,691.8421324793; 6,615,799.846928874}",2020-01-01 14:52:00,4.045739421991072,353.7008046245439,"{lat: 81.9311071217 deg, lon: 9.9249651579 deg, alt: 325,620.7678828056}",81.93110712172772,9.92496515786225,1,14
2020-01-01 14:53:00,"{2020-01-01T14:53:00.000, P(942002.7910606726, -299616.1339679483, 6702698.137914533), V(166.97094451108126, -7699.500670804783, 1188.0600030920455), A(-1.207324692230739, 0.38400518572021775, -8.59056156018544)}","{942,002.7910606726; -299,616.1339679483; 6,702,698.137914533}",2020-01-01 14:53:00,4.1453627393333985,341.28880685682833,"{lat: 81.6625570832 deg, lon: -17.6439365728 deg, alt: 417,992.0456771958}",81.66255708324711,-17.643936572770485,1,14
2020-01-01 14:54:00,"{2020-01-01T14:54:00.000, P(949870.3198076675, -760556.4724238808, 6758678.5137508875), V(95.66284713853355, -7659.6570906933375, 680.6765260865942), A(-1.1690562003263456, 0.9360575241107707, -8.318267091567614)}","{949,870.3198076675; -760,556.4724238808; 6,758,678.5137508875}",2020-01-01 14:54:00,3.3520416798707595,332.18248871196283,"{lat: 79.8557075345 deg, lon: -38.6840829413 deg, alt: 509,924.7736132232}",79.85570753452706,-38.68408294125121,1,14
2020-01-01 14:55:00,"{2020-01-01T14:55:00.000, P(953530.1181048144, -1218141.1830259361, 6784719.331744441), V(26.74236844439182, -7588.118902323609, 190.28183873407187), A(-1.1278749892392412, 1.4408679365345758, -8.02524754906732)}","{953,530.1181048144; -1,218,141.1830259361; 6,784,719.331744441}",2020-01-01 14:55:00,2.094290952055543,325.4768520459674,"{lat: 77.2317747042 deg, lon: -51.947058792 deg, alt: 601,038.953154299}",77.23177470421344,-51.94705879200873,1,14
2020-01-01 14:56:00,"{2020-01-01T14:56:00.000, P(953130.209717022, -1670552.2124960409, 6781873.835710214), V(-39.63922663373992, -7487.649076988605, -282.04775300843573), A(-1.084543547107762, 1.9008804921911804, -7.716928317697747)}","{953,130.209717022; -1,670,552.2124960409; 6,781,873.835710214}",2020-01-01 14:56:00,0.605012118625008,320.4224997759962,"{lat: 74.2576367 deg, lon: -60.2931673127 deg, alt: 690,989.4732131568}",74.25763670001545,-60.293167312674754,1,14
2020-01-01 16:28:00,"{2020-01-01T16:28:00.000, P(910371.814406486, 689512.8974701283, 6477632.044339891), V(326.7333126690238, -7664.60141807318, 2324.82832025947), A(-1.2751690166318395, -0.9658092105972933, -9.073299011864641)}","{910,371.814406486; 689,512.8974701283; 6,477,632.044339891}",2020-01-01 16:28:00,2.088030542424037,12.424187111990703,"{lat: 80.0648166784 deg, lon: 37.1401794424 deg, alt: 220,137.6263962816}",80.06481667841851,37.14017944239422,1,16
2020-01-01 16:29:00,"{2020-01-01T16:29:00.000, P(927696.9821009935, 228301.4697475663, 6600907.017988618), V(251.0610191744161, -7702.521912850736, 1786.391974304566), A(-1.2463145800828561, -0.30671162663086154, -8.86798902768755)}","{927,696.9821009935; 228,301.4697475663; 6,600,907.017988618}",2020-01-01 16:29:00,3.924613443320186,355.77206040970987,"{lat: 81.816387797 deg, lon: 13.825464981 deg, alt: 312,497.3398111069}",81.81638779703262,13.825464980995699,1,16
2020-01-01 16:30:00,"{2020-01-01T16:30:00.000, P(940536.9120664204, -234029.34189243623, 6692267.866902151), V(177.27525994056475, -7702.421300290597, 1261.379017108889), A(-1.2124706757553518, 0.301693331405226, -8.627177135548358)}","{940,536.9120664204; -234,029.3418924362; 6,692,267.866902151}",2020-01-01 16:30:00,4.198449522099,342.82902884770283,"{lat: 81.8105418544 deg, lon: -13.9728776199 deg, alt: 404,897.9477337392}",81.81054185438582,-13.972877619913659,1,16
2020-01-01 16:31:00,"{2020-01-01T16:31:00.000, P(949013.1281298565, -695288.9095914627, 6752579.278040311), V(105.64328594099528, -7667.308620080715, 751.6910381577391), A(-1.1746847997443914, 0.8606259379545544, -8.358316657446206)}","{949,013.1281298565; -695,288.9095914627; 6,752,579.278040311}",2020-01-01 16:31:00,3.500392885488974,333.30849078007316,"{lat: 80.1771251312 deg, lon: -36.2281508667 deg, alt: 496,916.9037248694}",80.17712513123462,-36.228150866732115,1,16
2020-01-01 16:32:00,"{2020-01-01T16:32:00.000, P(953261.3863192245, -1153464.4980701986, 6782807.2057338115), V(36.37362126592563, -7600.0976411758265, 258.8117634490411), A(-1.1338676975313289, 1.3720015867431867, -8.06788788420392)}","{953,261.3863192245; -1,153,464.4980701986; 6,782,807.2057338115}",2020-01-01 16:32:00,2.2907327867347185,326.31343249267246,"{lat: 77.6328752392 deg, lon: -50.4285416244 deg, alt: 588,169.0712790127}",77.63287523922352,-50.42854162440346,1,16
2020-01-01 16:33:00,"{2020-01-01T16:33:00.000, P(953428.3942633963, -1606714.4348087308, 6783995.529003168), V(-30.375899667033753, -7503.571929860632, -216.13575678098942), A(-1.0907996544168994, 1.8382120364582188, -7.761442834225169)}","{953,428.3942633963; -1,606,714.4348087308; 6,783,995.529003168}",2020-01-01 16:33:00,0.8252463407178207,321.0610392618967,"{lat: 74.691327048 deg, lon: -59.3149995261 deg, alt: 678,304.5303488034}",74.69132704804825,-59.31499952613038,1,16
2020-01-01 18:05:00,"{2020-01-01T18:05:00.000, P(907542.8549748866, 754753.3262937253, 6457502.952054435), V(337.6089885667282, -7655.960693863992, 2402.2127752524593), A(-1.2787934465923052, -1.063501962653728, -9.099088171066242)}","{907,542.8549748866; 754,753.3262937253; 6,457,502.952054435}",2020-01-01 18:05:00,1.6802744268392427,15.02272928848362,"{lat: 79.7069208803 deg, lon: 39.7484288823 deg, alt: 207,057.2609240612}",79.70692088026654,39.7484288823081,1,18
2020-01-01 18:06:00,"{2020-01-01T18:06:00.000, P(925513.5330150363, 293888.84442922624, 6585370.97047203), V(261.6943466817715, -7699.525322377431, 1862.0520308985976), A(-1.250740144646314, -0.39716175148070654, -8.899478555786834)}","{925,513.5330150363; 293,888.8444292262; 6,585,370.97047203}",2020-01-01 18:06:00,3.7713367751653037,357.92159020507097,"{lat: 81.6647147917 deg, lon: 17.6167970557 deg, alt: 299,374.6709630428}",81.6647147917214,17.616797055742907,1,18
2020-01-01 18:07:00,"{2020-01-01T18:07:00.000, P(938983.0892728907, -168420.67309085338, 6681211.84324312), V(187.6230665860618, -7704.6366634314445, 1335.0074872073446), A(-1.217537462191117, 0.21838356967040387, -8.66322919434319)}","{938,983.0892728907; -168,420.6730908534; 6,681,211.84324312}",2020-01-01 18:07:00,4.232304017544776,344.43896607675794,"{lat: 81.9246052042 deg, lon: -10.1687271152 deg, alt: 391,796.0986166907}",81.92460520422912,-10.168727115243643,1,18
2020-01-01 18:08:00,"{2020-01-01T18:08:00.000, P(948070.7332693061, -629958.9286731981, 6745873.790183021), V(115.67140404423068, -7674.313646907322, 823.0448060819932), A(-1.18025254108294, 0.7842353953702621, -8.397933195588582)}","{948,070.7332693061; -629,958.9286731981; 6,745,873.790183021}",2020-01-01 18:08:00,3.6387912207238635,334.48506239862564,"{lat: 80.4807858825 deg, lon: -33.6026094118 deg, alt: 483,893.5265399238}",80.48078588248674,-33.60260941184525,1,18
2020-01-01 18:09:00,"{2020-01-01T18:09:00.000, P(952910.4118476368, -1088688.303065499, 6780309.892605347), V(46.0557209928953, -7611.485998419507, 327.7034826954256), A(-1.13981525290988, 1.3022247611846234, -8.110206939666666)}","{952,910.4118476368; -1,088,688.303065499; 6,780,309.892605347}",2020-01-01 18:09:00,2.4822192497318105,327.18470873166467,"{lat: 78.0264292311 deg, lon: -48.8048911455 deg, alt: 575,276.6358179676}",78.02642923105675,-48.80489114545119,1,18
2020-01-01 18:10:00,"{2020-01-01T18:10:00.000, P(953647.4599030137, -1542743.3310462795, 6785554.262022518), V(-21.05942626077744, -7518.957418606243, -149.8456039867155), A(-1.0970238756750872, 1.774687543726488, -7.805730469711101)}","{953,647.4599030137; -1,542,743.3310462795; 6,785,554.262022518}",2020-01-01 18:10:00,1.0430431095854413,321.7233823548067,"{lat: 75.1220494256 deg, lon: -58.2776980575 deg, alt: 665,590.6494183181}",75.12204942564681,-58.27769805749571,1,18
2020-01-01 19:42:00,"{2020-01-01T19:42:00.000, P(904621.1414404908, 819916.6097926451, 6436713.880034315), V(348.51499077365446, -7646.483578838874, 2479.813013147878), A(-1.2822900725309556, -1.162222372302924, -9.123967957400618)}","{904,621.1414404908; 819,916.6097926451; 6,436,713.880034315}",2020-01-01 19:42:00,1.2376081401826935,17.656815803720917,"{lat: 79.3280209609 deg, lon: 42.1880493722 deg, alt: 193,988.3435624051}",79.32802096094495,42.188049372237046,1,19
2020-01-01 19:43:00,"{2020-01-01T19:43:00.000, P(923239.3644729569, 359447.40553482954, 6569189.420484121), V(272.36492659481786, -7695.754037334665, 1937.9771521321693), A(-1.2550621868244198, -0.48863692797202163, -8.930231483839798)}","{923,239.3644729569; 359,447.4055348295; 6,569,189.420484121}",2020-01-01 19:43:00,3.5842914959477192,0.14796194007498203,"{lat: 81.4776195339 deg, lon: 21.2725972857 deg, alt: 286,254.0327686183}",81.47761953389426,21.27259728567819,1,19
2020-01-01 19:44:00,"{2020-01-01T19:44:00.000, P(937340.9551873499, -102796.17030743665, 6669527.452090768), V(198.01367796380237, -7706.13824199292, 1408.940528801581), A(-1.222522226349813, 0.13407138809950295, -8.6986976343112)}","{937,340.9551873499; -102,796.1703074367; 6,669,527.452090768}",2020-01-01 19:44:00,4.245206010212329,346.1210594998489,"{lat: 82.0028640937 deg, lon: -6.2584947212 deg, alt: 378,687.6594277186}",82.00286409374765,-6.2584947212184625,1,19
2020-01-01 19:45:00,"{2020-01-01T19:45:00.000, P(947042.7313951221, -564572.0705508592, 6738559.176772897), V(125.74667279457285, -7680.663977539102, 894.7340682930617), A(-1.185756985503613, 0.7068796943193223, -8.437099352757985)}","{947,042.7313951221; -564,572.0705508592; 6,738,559.176772897}",2020-01-01 19:45:00,3.766220501779043,335.7148499356524,"{lat: 80.7645975019 deg, lon: -30.8009506811 deg, alt: 470,855.6986849133}",80.76459750191388,-30.800950681142847,1,19
2020-01-01 19:46:00,"{2020-01-01T19:46:00.000, P(952476.7633078657, -1023817.6591868898, 6777224.322915303), V(55.78827427028582, -7622.276188609845, 396.95419760686127), A(-1.1457155796449303, 1.2315301412417525, -8.152189945869415)}","{952,476.7633078657; -1,023,817.6591868898; 6,777,224.322915303}",2020-01-01 19:46:00,2.6682304195504036,328.0926140485061,"{lat: 78.4114216445 deg, lon: -47.0673833358 deg, alt: 562,362.6055101726}",78.41142164446983,-47.067383335788456,1,19
2020-01-01 19:47:00,"{2020-01-01T19:47:00.000, P(953786.9551842402, -1478643.5088861468, 6786546.822522973), V(-11.690085367944649, -7533.798218656257, -83.17927947915679), A(-1.103214467732353, 1.7102990376992768, -7.849778820999002)}","{953,786.9551842402; -1,478,643.5088861468; 6,786,546.822522973}",2020-01-01 19:47:00,1.258141352699562,322.41081309026976,"{lat: 75.5493602015 deg, lon: -57.1762903109 deg, alt: 652,848.6982156017}",75.54936020148958,-57.176290310936366,1,19
2020-01-01 21:19:00,"{2020-01-01T21:19:00.000, P(901606.4202042692, 884995.5874776422, 6415263.023828675), V(359.4502152575562, -7636.1613272580535, 2557.6211783481067), A(-1.285655228846683, -1.2619688359019132, -9.147912288760635)}","{901,606.4202042692; 884,995.5874776422; 6,415,263.023828675}",2020-01-01 21:19:00,0.7619603165058257,20.316401861015965,"{lat: 78.9299014351 deg, lon: 44.4673110276 deg, alt: 180,932.2772827478}",78.9299014350616,44.467311027610855,1,21
2020-01-01 21:20:00,"{2020-01-01T21:20:00.000, P(920874.1630033759, 424970.5180743779, 6552360.137560125), V(283.07186332854224, -7691.199320091321, 2014.1609655867949), A(-1.259277427791155, -0.5811388812803681, -8.960224481787057)}","{920,874.1630033759; 424,970.5180743779; 6,552,360.137560125}",2020-01-01 21:20:00,3.362081820321026,2.4487468474470666,"{lat: 81.2569404737 deg, lon: 24.7726617305 deg, alt: 273,136.712728477}",81.25694047371664,24.772661730505646,1,21
2020-01-01 21:21:00,"{2020-01-01T21:21:00.000, P(935610.1482667231, -37161.948992815385, 6657212.120932447), V(208.44638329030224, -7706.917480548957, 1483.1730844043145), A(-1.2274220869569752, 0.04875256758667253, -8.733561954119304)}","{935,610.1482667231; -37,161.9489928154; 6,657,212.120932447}",2020-01-01 21:21:00,4.235353661237913,347.8775054959039,"{lat: 82.0438227331 deg, lon: -2.2745629521 deg, alt: 365,573.8065950084}",82.043822733144,-2.274562952051622,1,21
2020-01-01 21:22:00,"{2020-01-01T21:22:00.000, P(945928.7232678541, -499133.9461107341, 6730632.597073644), V(135.86854253955772, -7686.351366374043, 966.754913810444), A(-1.1911956405187487, 0.6285528349197469, -8.475797393983173)}","{945,928.7232678541; -499,133.9461107341; 6,730,632.597073644}",2020-01-01 21:22:00,3.881570749241353,337.0005690872356,"{lat: 81.0263212092 deg, lon: -27.8190643207 deg, alt: 457,804.4912272083}",81.02632120917983,-27.819064320681328,1,21
2020-01-01 21:23:00,"{2020-01-01T21:23:00.000, P(951960.0127436663, -958857.6941789648, 6773547.451596774), V(65.57086985321725, -7632.4603645105635, 466.5609820239811), A(-1.1515665522013268, 1.1599105363207192, -8.1938217788437)}","{951,960.0127436663; -958,857.6941789648; 6,773,547.451596774}",2020-01-01 21:23:00,2.848192937774455,329.039187933585,"{lat: 78.7867125756 deg, lon: -45.2068257567 deg, alt: 549,427.9525711554}",78.7867125755549,-45.20682575665775,1,21
2020-01-01 21:24:00,"{2020-01-01T21:24:00.000, P(953846.4310949433, -1414419.6386752832, 6786970.015617201), V(-2.268170979243329, -7548.086937800455, -16.138875110895246), A(-1.1093696422571397, 1.6450386114643716, -7.893575163448661)}","{953,846.4310949433; -1,414,419.6386752832; 6,786,970.015617201}",2020-01-01 21:24:00,1.470253414150742,323.1246948949819,"{lat: 75.9727612459 deg, lon: -56.005336483 deg, alt: 640,079.557015629}",75.97276124587538,-56.005336482984866,1,21
2020-01-01 22:56:00,"{2020-01-01T22:56:00.000, P(898498.4472034203, 949983.0244396937, 6393148.646840448), V(370.41352654319775, -7624.985209353715, 2635.629191527034), A(-1.2888851973834787, -1.3627392031415495, -9.170894709091604)}","{898,498.4472034203; 949,983.0244396937; 6,393,148.646840448}",2020-01-01 22:56:00,0.2557987030118501,22.99082473058332,"{lat: 78.514198322 deg, lon: 46.5954103949 deg, alt: 167,890.4816988541}",78.51419832195994,46.595410394905635,1,22
2020-01-01 22:57:00,"{2020-01-01T22:57:00.000, P(918417.622881886, 490451.4725848337, 6534880.946357854), V(293.8142331342572, -7685.852420095564, 2090.5968984490337), A(-1.2633825326204726, -0.6746689176295949, -8.989433820396796)}","{918,417.622881886; 490,451.4725848337; 6,534,880.946357854}",2020-01-01 22:57:00,3.1036072088535134,4.8204268763305285,"{lat: 81.0047209512 deg, lon: 28.1030161045 deg, alt: 260,024.0145037328}",81.00472095122598,28.103016104465684,1,22
2020-01-01 22:58:00,"{2020-01-01T22:58:00.000, P(933790.313126608, 28475.802389076736, 6644263.321076741), V(218.92044700371233, -7706.965789040768, 1557.6999202210359), A(-1.2322341064645623, -0.0375768032924624, -8.767801252027112)}","{933,790.313126608; 28,475.8023890767; 6,644,263.321076741}",2020-01-01 22:58:00,4.200881914159512,349.7101703749835,"{lat: 82.0464599938 deg, lon: 1.7466853216 deg, alt: 352,455.7319893565}",82.04645999378026,1.7466853215559035,1,22
2020-01-01 22:59:00,"{2020-01-01T22:59:00.000, P(944728.3144202931, -433650.2366791686, 6722091.244305227), V(146.03644216901728, -7691.3675176141605, 1039.103278974142), A(-1.1965659595429838, 0.5492490313222537, -8.514009199367761)}","{944,728.3144202931; -433,650.2366791686; 6,722,091.244305227}",2020-01-01 22:59:00,3.9836332928458433,338.3449846783549,"{lat: 81.2636018285 deg, lon: -24.6561218102 deg, alt: 444,740.9898068797}",81.26360182847016,-24.656121810169797,1,22
2020-01-01 23:00:00,"{2020-01-01T23:00:00.000, P(951359.7357789098, -893813.6028774156, 6769276.2590567), V(75.40307818017239, -7642.030618224613, 536.5207794577716), A(-1.1573659946329502, 1.087358893388237, -8.235086955928384)}","{951,359.7357789098; -893,813.6028774156; 6,769,276.2590567}",2020-01-01 23:00:00,3.0214748010256653,330.02657751541295,"{lat: 79.1510247277 deg, lon: -43.2136734244 deg, alt: 536,473.6628327037}",79.1510247276725,-43.213673424372274,1,23
2020-01-01 23:01:00,"{2020-01-01T23:01:00.000, P(953825.4411922131, -1350076.454003181, 6786820.664698838), V(7.206007489229231, -7561.81611681014, 51.27340750813885), A(-1.1154875650516332, 1.5788984349454638, -7.937106446064483)}","{953,825.4411922131; -1,350,076.454003181; 6,786,820.664698838}",2020-01-01 23:01:00,1.679062218251812,323.8664749998636,"{lat: 76.3916926988 deg, lon: -54.7588954449 deg, alt: 627,284.1187161763}",76.39169269884415,-54.75889544490163,1,23
2020-01-01 23:02:00,"{2020-01-01T23:02:00.000, P(952275.9751483309, -1800668.4831828, 6775795.640924336), V(-58.41647240456716, -7453.443557608436, -415.65479903594684), A(-1.0716573994010319, 2.02640805210958, -7.625238612467109)}","{952,275.9751483309; -1,800,668.4831828; 6,775,795.640924336}",2020-01-01 23:02:00,0.14800787934298038,319.18578177675784,"{lat: 73.3630981995 deg, lon: -62.1280630524 deg, alt: 716,836.9300728617}",73.3630981994511,-62.12806305237492,1,23
2020-01-02 00:34:00,"{2020-01-02T00:34:00.000, P(915869.4463729294, 555883.4850358766, 6516749.728378734), V(304.5910836229922, -7679.704577515788, 2167.27817411924), A(-1.2673741105584064, -0.769227907112193, -9.017835373200906)}","{915,869.4463729294; 555,883.4850358766; 6,516,749.728378734}",2020-01-02 00:34:00,2.8081367248321043,7.258327311681364,"{lat: 80.7231133337 deg, lon: 31.255498377 deg, alt: 246,917.2580008595}",80.72311333365764,31.255498377013932,2,0
2020-01-02 00:35:00,"{2020-01-02T00:35:00.000, P(931881.1007543174, 94110.82207841407, 6630678.5691693425), V(229.43510828409003, -7706.274545459713, 1632.515622736561), A(-1.2369552909108052, -0.12492031355462639, -8.801394224889702)}","{931,881.1007543174; 94,110.8220784141; 6,630,678.5691693425}",2020-01-02 00:35:00,4.139888087162847,351.62049374031466,"{lat: 82.0102895802 deg, lon: 5.7667579368 deg, alt: 339,334.6430368781}",82.01028958015124,5.766757936804494,2,0
2020-01-02 00:36:00,"{2020-01-02T00:36:00.000, P(943441.1153421772, -368126.69444172, 6712932.34695812), V(156.24977865261377, -7695.704087140174, 1111.7749441540466), A(-1.2018653414750415, 0.4689627239330223, -8.551716261114473)}","{943,441.1153421772; -368,126.69444172; 6,712,932.34695812}",2020-01-02 00:36:00,4.071096971727489,339.7508841904157,"{lat: 81.4740143245 deg, lon: -21.3155169251 deg, alt: 431,666.294766693}",81.47401432447234,-21.31551692514232,2,0
2020-01-02 00:37:00,"{2020-01-02T00:37:00.000, P(950675.5117754185, -828690.6477209727, 6764407.75229893), V(85.28445094108119, -7650.978982407407, 606.8304000163344), A(-1.1631116799939067, 1.0138683068273617, -8.27596963158008)}","{950,675.5117754185; -828,690.6477209727; 6,764,407.75229893}",2020-01-02 00:37:00,3.187379831402256,331.05703762874055,"{lat: 79.5029314881 deg, lon: -41.0782106288 deg, alt: 523,500.7358819474}",79.50293148807852,-41.07821062876809,2,0
2020-01-02 00:38:00,"{2020-01-02T00:38:00.000, P(953723.5417354039, -1285618.7522697006, 6786095.6123891305), V(16.732124802480094, -7574.978230125239, 119.05525421072409), A(-1.1215663553743531, 1.5118707626324763, -7.980359286675486)}","{953,723.5417354039; -1,285,618.7522697006; 6,786,095.6123891305}",2020-01-02 00:38:00,1.8842181412095278,324.6376888419348,"{lat: 76.8055248307 deg, lon: -53.4304940419 deg, alt: 614,463.2889795795}",76.8055248307161,-53.43049404190231,2,0
2020-01-02 00:39:00,"{2020-01-02T00:39:00.000, P(952734.5453151953, -1737117.448248573, 6779058.537205232), V(-49.262639132676895, -7470.442819362076, -350.5218909293856), A(-1.0779734733091826, 1.965465132383746, -7.670179813517506)}","{952,734.5453151953; -1,737,117.448248573; 6,779,058.537205232}",2020-01-02 00:39:00,0.3725121873737141,319.77932973171147,"{lat: 73.8016726375 deg, lon: -61.2571174929 deg, alt: 704,213.8168448169}",73.80167263751262,-61.25711749288171,2,0
2020-01-02 02:11:00,"{2020-01-02T02:11:00.000, P(913229.3439757423, 621259.6967667672, 6497964.423717795), V(315.4014332914147, -7672.747027029318, 2244.1978088383203), A(-1.2712487153660215, -0.8648162661803553, -9.045404618935216)}","{913,229.3439757423; 621,259.6967667672; 6,497,964.423717795}",2020-01-02 02:11:00,2.4753798263051645,9.756583864726176,"{lat: 80.4142963959 deg, lon: 34.2270156848 deg, alt: 233,817.7794516856}",80.41429639587659,34.22701568476122,2,2
2020-01-02 02:12:00,"{2020-01-02T02:12:00.000, P(929882.1687260662, 159736.77475834277, 6616455.428738421), V(239.9895805723774, -7704.835098657124, 1707.6145952923844), A(-1.2415825898296373, -0.21328121472336953, -8.834319167513181)}","{929,882.1687260662; 159,736.7747583428; 6,616,455.428738421}",2020-01-02 02:12:00,4.0504656254756695,353.6093819102745,"{lat: 81.9353839846 deg, lon: 9.7472346463 deg, alt: 326,211.762828823}",81.93538398462381,9.747234646321305,2,2
2020-01-02 02:13:00,"{2020-01-02T02:13:00.000, P(942066.7416688711, -302569.1428468635, 6703153.170135836), V(166.50793657379796, -7699.352684491704, 1184.7655304338764), A(-1.2070911303117293, 0.3876885919881528, -8.588899680778615)}","{942,066.7416688711; -302,569.1428468635; 6,703,153.170135836}",2020-01-02 02:13:00,4.142545955532057,341.22104394333337,"{lat: 81.6551285012 deg, lon: -17.8057671016 deg, alt: 418,581.5212803972}",81.65512850116515,-17.805767101606133,2,2
2020-01-02 02:14:00,"{2020-01-02T02:14:00.000, P(949906.9239944926, -763494.159251712, 6758938.966073535), V(95.21452064061083, -7659.297431565496, 677.4865172975324), A(-1.16880132976846, 0.939432028615287, -8.316453593316908)}","{949,906.9239944926; -763,494.159251712; 6,758,938.966073535}",2020-01-02 02:14:00,3.3451418767899774,332.1329291068151,"{lat: 79.84084665 deg, lon: -38.7908175554 deg, alt: 510,510.185199413}",79.84084664997465,-38.79081755543601,2,2
2020-01-02 02:15:00,"{2020-01-02T02:15:00.000, P(953540.2918225576, -1221051.3952475826, 6784791.721507634), V(26.30983950725832, -7587.565686608315, 187.20423543073716), A(-1.127604085271151, 1.4439479415972396, -8.023319967175096)}","{953,540.2918225576; -1,221,051.3952475826; 6,784,791.721507634}",2020-01-02 02:15:00,2.085335569566382,325.4399643709981,"{lat: 77.2135489433 deg, lon: -52.0131029458 deg, alt: 601,617.9863745824}",77.21354894328805,-52.01310294581396,2,2
2020-01-02 02:16:00,"{2020-01-02T02:16:00.000, P(953114.92687749, -1673423.8570756516, 6781765.092656537), V(-40.05513417758531, -7486.919483088028, -285.00708895322435), A(-1.0842610881957844, 1.9036826736413637, -7.714918518107646)}","{953,114.92687749; -1,673,423.8570756516; 6,781,765.092656537}",2020-01-02 02:16:00,0.5950406774447319,320.39428439343465,"{lat: 74.2380426699 deg, lon: -60.335900822 deg, alt: 691,560.0291488848}",74.23804266994145,-60.33590082204251,2,2
2020-01-02 03:48:00,"{2020-01-02T03:48:00.000, P(910497.0346743315, 686573.1744559337, 6478523.032842347), V(326.244271050955, -7664.971001761652, 2321.3486083372773), A(-1.2750028457365121, -0.9614339398159326, -9.072116644507288)}","{910,497.0346743315; 686,573.1744559337; 6,478,523.032842347}",2020-01-02 03:48:00,2.1055478694645773,12.308152769646632,"{lat: 80.0804094533 deg, lon: 37.0186367605 deg, alt: 220,726.931488158}",80.08040945333127,37.01863676051369,2,3
2020-01-02 03:49:00,"{2020-01-02T03:49:00.000, P(927793.1814282218, 225347.25131961828, 6601591.511768892), V(250.58305108903667, -7702.638771284098, 1782.9910546615915), A(-1.2461128962127521, -0.30266240538996353, -8.866553972384718)}","{927,793.1814282218; 225,347.2513196183; 6,601,591.511768892}",2020-01-02 03:49:00,3.9307467275466306,355.6770937085148,"{lat: 81.8223587072 deg, lon: 13.65193825 deg, alt: 313,088.3302276692}",81.82235870716755,13.651938250008538,2,3
2020-01-02 03:50:00,"{2020-01-02T03:50:00.000, P(940604.8143740075, -236983.47699143, 6692751.016925637), V(176.81027766077236, -7702.304874956116, 1258.0704962738089), A(-1.2122406147965565, 0.30542156647997637, -8.625540166767843)}","{940,604.8143740075; -236,983.47699143; 6,692,751.016925637}",2020-01-02 03:50:00,4.196459834270446,342.7581868259196,"{lat: 81.8045915972 deg, lon: -14.1412405608 deg, alt: 405,487.7994787755}",81.80459159721599,-14.141240560810388,2,3
2020-01-02 03:51:00,"{2020-01-02T03:51:00.000, P(949053.5597621852, -698229.536604816, 6752866.96405281), V(105.19280015655198, -7666.9778834432, 748.4856652467466), A(-1.17443261332125, 0.8640434788299638, -8.35652225780659)}","{949,053.5597621852; -698,229.536604816; 6,752,866.96405281}",2020-01-02 03:51:00,3.493918823337419,333.25671480432857,"{lat: 80.1630172483 deg, lon: -36.3423417763 deg, alt: 497,503.0382962775}",80.16301724830281,-36.342341776288485,2,3
2020-01-02 03:52:00,"{2020-01-02T03:52:00.000, P(953275.253530243, -1156379.3096358106, 6782905.876067226), V(35.93879352739628, -7599.570830368525, 255.71780332385654), A(-1.1335987789161726, 1.375122419796974, -8.06597442883185)}","{953,275.253530243; -1,156,379.3096358106; 6,782,905.876067226}",2020-01-02 03:52:00,2.281989126023475,326.27502615227564,"{lat: 77.6149672931 deg, lon: -50.4991234587 deg, alt: 588,749.1425175237}",77.61496729306378,-50.49912345866492,2,3
2020-01-02 03:53:00,"{2020-01-02T03:53:00.000, P(953416.6637848973, -1609592.1909872603, 6783912.062311629), V(-30.794206922261615, -7502.86636422416, -219.11216755949138), A(-1.090518591152024, 1.8410525797572406, -7.759442965180202)}","{953,416.6637848973; -1,609,592.1909872603; 6,783,912.062311629}",2020-01-02 03:53:00,0.8153789184200054,321.03178090794955,"{lat: 74.6718570321 deg, lon: -59.3602861006 deg, alt: 678,876.4096959191}",74.67185703206157,-59.36028610062974,2,3
2020-01-02 05:25:00,"{2020-01-02T05:25:00.000, P(907672.246191404, 751816.9101257727, 6458423.618398785), V(337.118555760979, -7656.3677373787405, 2398.7231645155675), A(-1.2786329457898253, -1.059080383389853, -9.097946148515858)}","{907,672.246191404; 751,816.9101257727; 6,458,423.618398785}",2020-01-02 05:25:00,1.6994001711327207,14.904870525545006,"{lat: 79.7235038449 deg, lon: 39.6346526676 deg, alt: 207,646.0832113478}",79.72350384485297,39.63465266761048,2,5
2020-01-02 05:26:00,"{2020-01-02T05:26:00.000, P(925613.8102826562, 290935.76865067444, 6586084.480305898), V(261.21468035256925, -7699.676862864289, 1858.6390276229452), A(-1.2505430465270224, -0.39306641542112764, -8.898076129796488)}","{925,613.8102826562; 290,935.7686506744; 6,586,084.480305898}",2020-01-02 05:26:00,3.778954108793129,357.82312225785483,"{lat: 81.6723196254 deg, lon: 17.4487979844 deg, alt: 299,965.5999695623}",81.67231962543462,17.448797984384004,2,5
2020-01-02 05:27:00,"{2020-01-02T05:27:00.000, P(939054.9599661474, -171375.66398827918, 6681723.229797846), V(187.15614031453964, -7704.5521817689405, 1331.6851341523702), A(-1.2173110281051573, 0.22215684343895772, -8.661618032103835)}","{939,054.9599661474; -171,375.6639882792; 6,681,723.229797846}",2020-01-02 05:27:00,4.2312167546263,344.3649304968582,"{lat: 81.9202255677 deg, lon: -10.3425469454 deg, alt: 392,386.2745735749}",81.92022556766648,-10.342546945397624,2,5
2020-01-02 05:28:00,"{2020-01-02T05:28:00.000, P(948115.0106383498, -632902.2479854798, 6746188.840034101), V(115.21878229371592, -7674.01220050021, 819.8242349826879), A(-1.1800031473697221, 0.7876962564883482, -8.3961586671126)}","{948,115.0106383498; -632,902.2479854798; 6,746,188.840034101}",2020-01-02 05:28:00,3.6327865426189985,334.43095276514583,"{lat: 80.4675214688 deg, lon: -33.7245932138 deg, alt: 484,480.3368503563}",80.4675214688127,-33.724593213776494,2,5
2020-01-02 05:29:00,"{2020-01-02T05:29:00.000, P(952927.992056879, -1091607.4876095215, 6780434.982293901), V(45.618611753009795, -7610.98594165683, 324.5932888445699), A(-1.1395484119635075, 1.3053867546779498, -8.108308267676154)}","{952,927.992056879; -1,091,607.4876095215; 6,780,434.982293901}",2020-01-02 05:29:00,2.4737095467043604,327.14469912560173,"{lat: 78.0088820731 deg, lon: -48.8803912935 deg, alt: 575,857.7022139931}",78.00888207306434,-48.88039129354494,2,5
2020-01-02 05:30:00,"{2020-01-02T05:30:00.000, P(953639.3021714758, -1545626.9927878084, 6785496.2167465305), V(-21.480121012747674, -7518.276209485947, -152.83900268725046), A(-1.0967442855058347, 1.777566809593159, -7.803741082286124)}","{953,639.3021714758; -1,545,626.9927878084; 6,785,496.2167465305}",2020-01-02 05:30:00,1.0332908798673996,321.69302500240894,"{lat: 75.1027222253 deg, lon: -58.3257512042 deg, alt: 666,163.8133881651}",75.10272222533224,-58.32575120420365,2,5
2020-01-02 07:02:00,"{2020-01-02T07:02:00.000, P(904754.7152463071, 816983.8211816398, 6437664.307047923), V(348.0232157662962, -7646.9284763352425, 2476.313852150295), A(-1.2821354056480638, -1.1577545442175052, -9.122867445345033)}","{904,754.7152463071; 816,983.8211816398; 6,437,664.307047923}",2020-01-02 07:02:00,1.2582687527206544,17.5375668224737,"{lat: 79.3455103535 deg, lon: 42.0816984344 deg, alt: 194,576.6202548236}",79.3455103534974,42.08169843443398,2,7
2020-01-02 07:03:00,"{2020-01-02T07:03:00.000, P(923343.7339762255, 356495.7694536899, 6569932.048087618), V(271.8836016983085, -7695.940653002718, 1934.5523475369168), A(-1.2548698207901838, -0.48449538981582474, -8.928862728384177)}","{923,343.7339762255; 356,495.7694536899; 6,569,932.048087618}",2020-01-02 07:03:00,3.593461496900786,0.04607790172307663,"{lat: 81.4867819561 deg, lon: 21.1111834021 deg, alt: 286,844.8427629507}",81.48678195610057,21.111183402061254,2,7
2020-01-02 07:04:00,"{2020-01-02T07:04:00.000, P(937416.8106894661, -105751.74331461785, 6670067.192033801), V(197.5448391344574, -7706.086088428933, 1405.6045671905815), A(-1.222299547569982, 0.13788989757194975, -8.697113192463373)}","{937,416.8106894661; -105,751.7433146179; 6,670,067.192033801}",2020-01-02 07:04:00,4.245100507951807,346.0437250991998,"{lat: 82.0001322831 deg, lon: -6.436431623 deg, alt: 379,278.1069789639}",82.0001322831258,-6.436431622980527,2,7
2020-01-02 07:05:00,"{2020-01-02T07:05:00.000, P(947090.8725895111, -567517.8311332128, 6738901.719169853), V(125.29193933338256, -7680.392191482887, 891.4984715915533), A(-1.1855104954805318, 0.7103841507216981, -8.435345485110885)}","{947,090.8725895111; -567,517.8311332128; 6,738,901.719169853}",2020-01-02 07:05:00,3.7607329473536875,335.6582858481198,"{lat: 80.7522740996 deg, lon: -30.9309751478 deg, alt: 471,443.1368409544}",80.75227409959669,-30.93097514780863,2,7
2020-01-02 07:06:00,"{2020-01-02T07:06:00.000, P(952498.0758695654, -1026740.9873580105, 6777375.969671527), V(55.34890162481832, -7621.803237836498, 393.827898788458), A(-1.1454509109116244, 1.2347336220767189, -8.15030672997799)}","{952,498.0758695654; -1,026,740.9873580105; 6,777,375.969671527}",2020-01-02 07:06:00,2.659979199573532,328.0509118450819,"{lat: 78.3942835763 deg, lon: -47.1482054012 deg, alt: 562,944.623599339}",78.39428357628421,-47.14820540120272,2,7
2020-01-02 07:07:00,"{2020-01-02T07:07:00.000, P(953782.3904787288, -1481532.8673465212, 6786514.342955586), V(-12.113154733903526, -7533.141697363877, -86.18957443616887), A(-1.102936430125683, 1.7132173838991434, -7.847800480630817)}","{953,782.3904787288; -1,481,532.8673465212; 6,786,514.342955586}",2020-01-02 07:07:00,1.248516624077398,322.3792972402741,"{lat: 75.5301969163 deg, lon: -57.2273437479 deg, alt: 653,423.1074608625}",75.53019691625452,-57.22734374788853,2,7
2020-01-02 08:39:00,"{2020-01-02T08:39:00.000, P(901744.1878168546, 882066.7504885022, 6416243.29132799), V(358.95714844005806, -7636.6444722809965, 2554.1128256437682), A(-1.2855065620952044, -1.2574548428242933, -9.146854469858438)}","{901,744.1878168546; 882,066.7504885022; 6,416,243.29132799}",2020-01-02 08:39:00,0.784057006839165,20.196230065005583,"{lat: 78.9482200558 deg, lon: 44.3679888609 deg, alt: 181,519.9448417363}",78.94822005579927,44.36798886091607,2,8
2020-01-02 08:40:00,"{2020-01-02T08:40:00.000, P(920982.6386942976, 422020.6220898432, 6553131.982206925), V(282.5889207983215, -7691.421404733472, 2010.724650929611), A(-1.259089942707922, -0.5769510722178094, -8.958890456102424)}","{920,982.6386942976; 422,020.6220898432; 6,553,131.982206925}",2020-01-02 08:40:00,3.3728615559795827,2.3435789019971134,"{lat: 81.2675725312 deg, lon: 24.6186074525 deg, alt: 273,727.3453827674}",81.26757253117849,24.618607452537454,2,8
2020-01-02 08:41:00,"{2020-01-02T08:41:00.000, P(935690.004728493, -40117.82714024572, 6657780.329182661), V(207.9756644416018, -7706.898041130794, 1479.823745760516), A(-1.2272032944466973, 0.052616496258115326, -8.732005164516188)}","{935,690.004728493; -40,117.8271402457; 6,657,780.329182661}",2020-01-02 08:41:00,4.236312585161735,347.79677977848365,"{lat: 82.0427964747 deg, lon: -2.4550601607 deg, alt: 366,164.4724304244}",82.04279647466885,-2.4550601606589675,2,8
2020-01-02 08:42:00,"{2020-01-02T08:42:00.000, P(945980.7461655927, -502081.8937723739, 6731002.759225084), V(135.41172257856414, -7686.10961309217, 963.5044708914094), A(-1.1909521675918957, 0.632101152291509, -8.474064994091224)}","{945,980.7461655927; -502,081.8937723739; 6,731,002.759225084}",2020-01-02 08:42:00,3.876652393819591,336.9414270185329,"{lat: 81.0150424237 deg, lon: -27.9572509282 deg, alt: 458,392.5086822905}",81.01504242371378,-27.957250928151502,2,8
2020-01-02 08:43:00,"{2020-01-02T08:43:00.000, P(951985.0768544859, -961784.9336166806, 6773725.792012017), V(65.12925271273207, -7632.014874430248, 463.418712793687), A(-1.1513041524814356, 1.1631558254313075, -8.191954707821624)}","{951,985.0768544859; -961,784.9336166806; 6,773,725.792012017}",2020-01-02 08:43:00,2.840227242122356,328.99569897865257,"{lat: 78.7700377928 deg, lon: -45.2933923729 deg, alt: 550,010.8782791765}",78.77003779277975,-45.29339237294811,2,8
2020-01-02 08:44:00,"{2020-01-02T08:44:00.000, P(953845.4795819004, -1417314.4821755355, 6786963.245250104), V(-2.6936013909091265, -7547.455438680995, -19.165969781043515), A(-1.109093238729501, 1.647996392479961, -7.891608450156937)}","{953,845.4795819004; -1,417,314.4821755355; 6,786,963.245250104}",2020-01-02 08:44:00,1.460769751178862,323.09195737825485,"{lat: 75.9537855784 deg, lon: -56.059645718 deg, alt: 640,655.171623837}",75.95378557835244,-56.05964571796848,2,8
2020-01-02 10:16:00,"{2020-01-02T10:16:00.000, P(898640.4194050177, 947058.4664857762, 6394158.831545114), V(369.91921973264266, -7625.50699462825, 2632.112015813642), A(-1.2887426993245648, -1.358179153932509, -9.169880782717708)}","{898,640.4194050177; 947,058.4664857762; 6,394,158.831545114}",2020-01-02 10:16:00,0.2792094925789323,22.870220173091457,"{lat: 78.533275718 deg, lon: 46.5026902145 deg, alt: 168,477.4758353696}",78.53327571795026,46.502690214452066,2,10
2020-01-02 10:17:00,"{2020-01-02T10:17:00.000, P(918530.2183584345, 487503.6204517573, 6535682.104802565), V(293.3297151824377, -7686.110368009418, 2087.149374084706), A(-1.2632000798752288, -0.6704347880842566, -8.988135601657522)}","{918,530.2183584345; 487,503.6204517573; 6,535,682.104802565}",2020-01-02 10:17:00,3.1160388450356753,4.7121579342092765,"{lat: 81.0167276029 deg, lon: 27.9568211945 deg, alt: 260,614.4107605798}",81.01672760289391,27.956821194506976,2,10
2020-01-02 10:18:00,"{2020-01-02T10:18:00.000, P(933874.1864169327, 25519.89936502524, 6644860.110547233), V(218.44788180026282, -7706.979451318619, 1554.337444080559), A(-1.2320193337248362, -0.03366728609670155, -8.76627306457767)}","{933,874.1864169327; 25,519.8993650252; 6,644,860.110547233}",2020-01-02 10:18:00,4.20299028406985,349.6259777064617,"{lat: 82.0471741004 deg, lon: 1.5653272624 deg, alt: 353,046.5621009128}",82.04717410039574,1.5653272623731715,2,10
2020-01-02 10:19:00,"{2020-01-02T10:19:00.000, P(944784.236680535, -436600.11404825235, 6722489.15186256), V(145.57756189529152, -7691.156171751038, 1035.8381761682745), A(-1.1963256195638796, 0.5528414654499041, -8.512299091557365)}","{944,784.236680535; -436,600.1140482523; 6,722,489.15186256}",2020-01-02 10:19:00,3.979340747830632,338.2831394073076,"{lat: 81.2534756381 deg, lon: -24.8024241534 deg, alt: 445,329.5373554129}",81.25347563807725,-24.8024241533557,2,10
2020-01-02 10:20:00,"{2020-01-02T10:20:00.000, P(951388.570470923, -896744.5181892229, 6769481.428551205), V(74.95923628928294, -7641.612946247288, 533.3626803058111), A(-1.1571059630097704, 1.090646305304533, -8.23323673478995)}","{951,388.570470923; -896,744.5181892229; 6,769,481.428551205}",2020-01-02 10:20:00,3.013824428615619,329.9812027943917,"{lat: 79.1348738774 deg, lon: -43.3064197518 deg, alt: 537,057.4514691961}",79.13487387735867,-43.306419751768075,2,10
2020-01-02 10:21:00,"{2020-01-02T10:21:00.000, P(953828.1229195427, -1352976.568004456, 6786839.746180283), V(6.778230303158823, -7561.209977212326, 48.22961467044675), A(-1.1152128791995901, 1.5818960016354064, -7.9351519546696885)}","{953,828.1229195427; -1,352,976.568004456; 6,786,839.746180283}",2020-01-02 10:21:00,1.669734575367901,323.8324487782373,"{lat: 76.3729312996 deg, lon: -54.8167392579 deg, alt: 627,860.8982034452}",76.3729312996067,-54.81673925786862,2,10
2020-01-02 10:22:00,"{2020-01-02T10:22:00.000, P(952253.4915031893, -1803526.999476969, 6775635.661476447), V(-58.827437141425186, -7452.66583417287, -418.57896508155403), A(-1.0713723191787399, 2.02913291615339, -7.623210161284962)}","{952,253.4915031893; -1,803,526.999476969; 6,775,635.661476447}",2020-01-02 10:22:00,0.13785431069871354,319.15953841364245,"{lat: 73.3433008412 deg, lon: -62.1661637888 deg, alt: 717,404.6611274614}",73.34330084118596,-62.16616378879347,2,10
2020-01-02 11:54:00,"{2020-01-02T11:54:00.000, P(915986.1748680269, 552937.9838694273, 6517580.2947784895), V(304.1050337617921, -7679.998783336445, 2163.819749653288), A(-1.2671968440454882, -0.7649474275233094, -9.016574056422096)}","{915,986.1748680269; 552,937.9838694273; 6,517,580.2947784895}",2020-01-02 11:54:00,2.8222442139525388,7.147193371282698,"{lat: 80.7363965221 deg, lon: 31.1174150055 deg, alt: 247,507.3580693757}",80.73639652213562,31.117415005471074,2,11
2020-01-02 11:55:00,"{2020-01-02T11:55:00.000, P(931969.0064505048, 91155.17774836766, 6631304.050698419), V(228.96073153836846, -7706.321698363141, 1629.1402568030505), A(-1.236744673985509, -0.12096505335071278, -8.799895607596426)}","{931,969.0064505048; 91,155.1777483677; 6,631,304.050698419}",2020-01-02 11:55:00,4.143231955752351,351.53277992648316,"{lat: 82.0127539706 deg, lon: 5.5862877023 deg, alt: 339,925.5827135572}",82.01275397056547,5.586287702267495,2,11
2020-01-02 11:56:00,"{2020-01-02T11:56:00.000, P(943500.9543968157, -371078.2409463075, 6713358.123955711), V(155.78886525040727, -7695.523525474546, 1108.4953748873454), A(-1.201628252758832, 0.4725995201458984, -8.550029287241637)}","{943,500.9543968157; -371,078.2409463075; 6,713,358.123955711}",2020-01-02 11:56:00,4.067491525233075,339.6862101436748,"{lat: 81.465150601 deg, lon: -21.4696783389 deg, alt: 432,255.3225381472}",81.46515060100046,-21.469678338913344,2,11
2020-01-02 11:57:00,"{2020-01-02T11:57:00.000, P(950708.1359089162, -831625.0004586759, 6764639.885070639), V(84.83840489813784, -7650.589488592966, 603.6566175075859), A(-1.1628541178598897, 1.0171981492238478, -8.274136981770063)}","{950,708.1359089162; -831,625.0004586759; 6,764,639.885070639}",2020-01-02 11:57:00,3.180077594107855,331.0096732983841,"{lat: 79.4873721796 deg, lon: -41.1775744911 deg, alt: 524,085.3421340092}",79.48737217955679,-41.17757449110172,2,11
2020-01-02 11:58:00,"{2020-01-02T11:58:00.000, P(953729.8766264096, -1288523.9193468709, 6786140.687480787), V(16.30201583431105, -7574.397790369361, 115.99486988128818), A(-1.1212934729050092, 1.5149084618763413, -7.978417627015347)}","{953,729.8766264096; -1,288,523.9193468709; 6,786,140.687480787}",2020-01-02 11:58:00,1.875063010198733,324.6023028113183,"{lat: 76.7870076852 deg, lon: -53.4921757542 deg, alt: 615,041.1922840328}",76.7870076851697,-53.49217575420996,2,11
2020-01-02 11:59:00,"{2020-01-02T11:59:00.000, P(952715.5720318867, -1739982.4888562013, 6778923.535279644), V(-49.676026551031505, -7469.688462528149, -353.4632952495606), A(-1.077689636502602, 1.9682276127145868, -7.668160209697865)}","{952,715.5720318867; -1,739,982.4888562013; 6,778,923.535279644}",2020-01-02 11:59:00,0.36244287202161357,319.75214797366357,"{lat: 73.7819669022 deg, lon: -61.2973909376 deg, alt: 704,782.9489218474}",73.78196690222363,-61.29739093755934,2,11
2020-01-02 13:31:00,"{2020-01-02T13:31:00.000, P(913350.2183461424, 618316.8570433601, 6498824.489553152), V(314.913896354243, -7673.077885555645, 2240.7288032770243), A(-1.2710767914700285, -0.8604894277965285, -9.044181316851112)}","{913,350.2183461424; 618,316.8570433601; 6,498,824.489553152}",2020-01-02 13:31:00,2.4911658737385407,9.642874628475946,"{lat: 80.4287584223 deg, lon: 34.097086564 deg, alt: 234,407.5228042516}",80.42875842227868,34.097086564011505,2,13
2020-01-02 13:32:00,"{2020-01-02T13:32:00.000, P(929974.1221039841, 156781.67601038856, 6617109.711019528), V(239.51342826628425, -7704.916132365744, 1704.2265955903656), A(-1.2413762673084463, -0.20928007255493988, -8.83285110649285)}","{929,974.1221039841; 156,781.6760103886; 6,617,109.711019528}",2020-01-02 13:32:00,4.055130371528991,353.51811918258306,"{lat: 81.9395834559 deg, lon: 9.569349759 deg, alt: 326,802.7566519082}",81.9395834559477,9.569349758974356,2,13
2020-01-02 13:33:00,"{2020-01-02T13:33:00.000, P(942130.5147139541, -305522.0946970941, 6703606.938929924), V(166.0450182456018, -7699.203285845146, 1181.4716953774928), A(-1.2068574136538432, 0.3913699845845555, -8.587236700347477)}","{942,130.5147139541; -305,522.0946970941; 6,703,606.938929924}",2020-01-02 13:33:00,4.139693627045562,341.1534168917649,"{lat: 81.6476357002 deg, lon: -17.9672826732 deg, alt: 419,170.978733574}",81.64763570016926,-17.96728267318561,2,13
2020-01-02 13:34:00,"{2020-01-02T13:34:00.000, P(949943.3562506294, -766431.7078893675, 6759198.195045769), V(94.76629191743682, -7658.93647856337, 674.297204211957), A(-1.1685463408504375, 0.9428046018457308, -8.314639252890068)}","{949,943.3562506294; -766,431.7078893675; 6,759,198.195045769}",2020-01-02 13:34:00,3.338223865409583,332.0834666168897,"{lat: 79.8259538635 deg, lon: -38.8972253284 deg, alt: 511,095.5631254799}",79.82595386347279,-38.897225328359724,2,13
2020-01-02 13:35:00,"{2020-01-02T13:35:00.000, P(953550.2996697233, -1223961.3950642727, 6784862.931040343), V(25.877414488376218, -7587.011289950728, 184.127371544182), A(-1.1273330940320523, 1.4470261159285596, -8.02139176431738)}","{953,550.2996697233; -1,223,961.3950642727; 6,784,862.931040343}",2020-01-02 13:35:00,2.076371141563968,325.40314317089974,"{lat: 77.1953098025 deg, lon: -52.0789513105 deg, alt: 602,196.9718500164}",77.19530980247514,-52.07895131050482,2,13
2020-01-02 13:36:00,"{2020-01-02T13:36:00.000, P(953099.484543136, -1676295.221623681, 6781655.214738231), V(-40.47093337652054, -7486.188814779078, -287.9656539839197), A(-1.083978568222994, 1.906483136045014, -7.712908284047283)}","{953,099.484543136; -1,676,295.221623681; 6,781,655.214738231}",2020-01-02 13:36:00,0.5850647979905617,320.3661147147346,"{lat: 74.218443464 deg, lon: -60.3785240766 deg, alt: 692,130.5245826113}",74.21844346397448,-60.37852407664947,2,13
2020-01-02 15:08:00,"{2020-01-02T15:08:00.000, P(910622.067389245, 683633.3100146983, 6479412.686836351), V(325.75529321367395, -7665.3389077755255, 2317.8693502389706), A(-1.2748364233119287, -0.957060755506051, -9.070932487426282)}","{910,622.067389245; 683,633.3100146983; 6,479,412.686836351}",2020-01-02 15:08:00,2.1229914495673876,12.192210161954105,"{lat: 80.0959555661 deg, lon: 36.8967375518 deg, alt: 221,316.2568570181}",80.09595556612054,36.8967375517883,2,15
2020-01-02 15:09:00,"{2020-01-02T15:09:00.000, P(927889.1974522254, 222392.98837003225, 6602274.701278952), V(250.10516039568662, -7702.754077092348, 1779.5906856915194), A(-1.2459110092317267, -0.29861525853191406, -8.865117471872587)}","{927,889.1974522254; 222,392.9883700323; 6,602,274.701278952}",2020-01-02 15:09:00,3.936814939706776,355.58228598583224,"{lat: 81.8282544824 deg, lon: 13.4781918752 deg, alt: 313,679.3220659097}",81.82825448243575,13.4781918751992,2,15
2020-01-02 15:10:00,"{2020-01-02T15:10:00.000, P(940672.538360989, -239937.56716315247, 6693232.898132084), V(176.34538364840878, -7702.187020096559, 1254.7626034941193), A(-1.2120103934877076, 0.3091477781381737, -8.623902057037412)}","{940,672.538360989; -239,937.5671631525; 6,693,232.898132084}",2020-01-02 15:10:00,4.194431311402065,342.6874859852676,"{lat: 81.798572686 deg, lon: -14.3093303567 deg, alt: 406,077.6353962921}",81.79857268599558,-14.309330356706655,2,15
2020-01-02 15:11:00,"{2020-01-02T15:11:00.000, P(949093.8186354609, -701170.0365174538, 6753153.420820773), V(104.7424111183515, -7666.645836427907, 745.2809807210411), A(-1.1741803037046847, 0.8674590754477473, -8.354726981600214)}","{949,093.8186354609; -701,170.0365174538; 6,753,153.420820773}",2020-01-02 15:11:00,3.4874246797256614,333.2050411333551,"{lat: 80.1488735651 deg, lon: -36.4561891284 deg, alt: 498,089.1413200559}",80.1488735650542,-36.45618912837712,2,15
2020-01-02 15:12:00,"{2020-01-02T15:12:00.000, P(953288.9539888651, -1159293.918920962, 6783003.359895689), V(35.50406894641234, -7599.042822962764, 252.62457720274725), A(-1.133329768924639, 1.3782414070244011, -8.064060323283075)}","{953,288.9539888651; -1,159,293.918920962; 6,783,003.359895689}",2020-01-02 15:12:00,2.273235468868347,326.23668998724486,"{lat: 77.5970441482 deg, lon: -50.5694929417 deg, alt: 589,329.1679273141}",77.59704414822885,-50.56949294169644,2,15
2020-01-02 15:13:00,"{2020-01-02T15:13:00.000, P(953404.7728910984, -1612469.6763469116, 6783827.454205919), V(-31.212406367173745, -7502.15970946933, -222.08781122773703), A(-1.0902374633855545, 1.843891387700642, -7.757442637182542)}","{953,404.7728910984; -1,612,469.6763469116; 6,783,827.454205919}",2020-01-02 15:13:00,0.8055065795586781,321.00257070240946,"{lat: 74.6523810431 deg, lon: -59.4054532553 deg, alt: 679,448.230274748}",74.65238104309557,-59.4054532552557,2,15
2020-01-02 16:45:00,"{2020-01-02T16:45:00.000, P(907801.4493209944, 748880.3381671491, 6459342.946435111), V(336.62818456276307, -7656.773085457482, 2395.2339921390526), A(-1.2784721861370123, -1.0546608884659754, -9.09680228414965)}","{907,801.4493209944; 748,880.3381671491; 6,459,342.946435111}",2020-01-02 16:45:00,1.7184548700388236,14.787084871478342,"{lat: 79.7400440662 deg, lon: 39.5205335115 deg, alt: 208,234.9285856958}",79.74004406618246,39.520533511513044,2,16
2020-01-02 16:46:00,"{2020-01-02T16:46:00.000, P(925713.9035953805, 287982.63505194674, 6586796.681232668), V(260.7350896578302, -7699.826833040172, 1855.2265625144616), A(-1.2503457387665275, -0.3889731580971736, -8.89667221213147)}","{925,713.9035953805; 287,982.6350519467; 6,586,796.681232668}",2020-01-02 16:46:00,3.7865030607012145,357.72481048948606,"{lat: 81.679852414 deg, lon: 17.2805251437 deg, alt: 300,556.5329748159}",81.6798524139659,17.280525143650948,2,16
2020-01-02 16:47:00,"{2020-01-02T16:47:00.000, P(939126.6515929346, -174330.6222064077, 6682233.342228435), V(186.68930092054944, -7704.466253309165, 1328.3633992631562), A(-1.2170844279447235, 0.22592808461078678, -8.660005688183197)}","{939,126.6515929346; -174,330.6222064077; 6,682,233.342228435}",2020-01-02 16:47:00,4.230087174120999,344.2910410794687,"{lat: 81.9157734099 deg, lon: -10.5161479913 deg, alt: 392,976.4370562325}",81.91577340992424,-10.516147991294629,2,16
2020-01-02 16:48:00,"{2020-01-02T16:48:00.000, P(948159.1144289126, -635845.4514275503, 6746502.654810114), V(114.76625621931295, -7673.7094271028745, 816.6043446542916), A(-1.1797536255219923, 0.7911551607507765, -8.394383226912188)}","{948,159.1144289126; -635,845.4514275503; 6,746,502.654810114}",2020-01-02 16:48:00,3.6267597314527196,334.37695079872253,"{lat: 80.4542170233 deg, lon: -33.84621995 deg, alt: 485,067.1177546764}",80.45421702332146,-33.84621995004863,2,16
2020-01-02 16:49:00,"{2020-01-02T16:49:00.000, P(952945.4046385341, -1094526.4801312436, 6780558.879250199), V(45.181604874608716, -7610.484672512017, 321.4838233335212), A(-1.1392814754357155, 1.3085468874897177, -8.106408915588505)}","{952,945.4046385341; -1,094,526.4801312436; 6,780,558.879250199}",2020-01-02 16:49:00,2.4651887982717073,327.1047636056602,"{lat: 77.9913176708 deg, lon: -48.9556614338 deg, alt: 576,438.7247244176}",77.99131767077243,-48.955661433776704,2,16
2020-01-02 16:50:00,"{2020-01-02T16:50:00.000, P(953630.9831088376, -1548510.393049292, 6785437.023540116), V(-21.900708518721242, -7517.593896398875, -155.83163829286786), A(-1.0964646273040137, 1.7804443239208434, -7.801751210784271)}","{953,630.9831088376; -1,548,510.393049292; 6,785,437.023540116}",2020-01-02 16:50:00,1.023533206852073,321.6627183947145,"{lat: 75.0833881581 deg, lon: -58.3736748934 deg, alt: 666,736.9203484966}",75.08338815806675,-58.37367489340521,2,16
2020-01-02 18:22:00,"{2020-01-02T18:22:00.000, P(904888.100449995, 814050.8622647695, 6438613.392087659), V(347.53150013033934, -7647.371660656925, 2472.815113602185), A(-1.2819804724855532, -1.1532887972717145, -9.121765038611512)}","{904,888.100449995; 814,050.8622647695; 6,438,613.392087659}",2020-01-02 18:22:00,1.2788621851174469,17.41837061006059,"{lat: 79.3629606366 deg, lon: 41.9750213211 deg, alt: 195,164.9228781078}",79.3629606365558,41.97502132109722,2,18
2020-01-02 18:23:00,"{2020-01-02T18:23:00.000, P(923447.9188881223, 353544.0621033806, 6570673.3622552585), V(271.4023506226448, -7696.125680640283, 1931.1280682042745), A(-1.2546772384702702, -0.48035593393456166, -8.927492433976)}","{923,447.9188881223; 353,544.0621033806; 6,570,673.3622552585}",2020-01-02 18:23:00,3.6025602496148257,359.9443452279421,"{lat: 81.4958760555 deg, lon: 20.9494541873 deg, alt: 287,435.6593655875}",81.49587605548523,20.949454187328225,2,18
2020-01-02 18:24:00,"{2020-01-02T18:24:00.000, P(937492.4863913052, -108707.29603832726, 6670605.652631387), V(197.0760857434436, -7706.032470719789, 1402.269213504897), A(-1.2220766968774914, 0.1417063658615309, -8.695527527393411)}","{937,492.4863913052; -108,707.2960383273; 6,670,605.652631387}",2020-01-02 18:24:00,4.244949037628066,345.96654135562915,"{lat: 81.9973248631 deg, lon: -6.6142152028 deg, alt: 379,868.5434404275}",81.99732486311098,-6.614215202820114,2,18
2020-01-02 18:25:00,"{2020-01-02T18:25:00.000, P(947138.8393952887, -570463.4872179861, 6739243.0207273625), V(124.83730043559953, -7680.119061718412, 888.2635477436498), A(-1.1852638722730695, 0.713886638079465, -8.43359066980767)}","{947,138.8393952887; -570,463.4872179861; 6,739,243.0207273625}",2020-01-02 18:25:00,3.7552210184192747,335.60183493298456,"{lat: 80.7399061325 deg, lon: -31.0606338071 deg, alt: 472,030.5477617059}",80.73990613252825,-31.060633807088852,2,18
2020-01-02 18:26:00,"{2020-01-02T18:26:00.000, P(952519.2199354194, -1029664.133899732, 6777526.417517513), V(54.90963050856517, -7621.329058771945, 390.70232238795245), A(-1.1451861422909235, 1.237935227633418, -8.148422803350817)}","{952,519.2199354194; -1,029,664.133899732; 6,777,526.417517513}",2020-01-02 18:26:00,2.6517157773773246,328.0092878539098,"{lat: 78.3771259661 deg, lon: -47.228778836 deg, alt: 563,526.5997733003}",78.37712596611233,-47.22877883597174,2,18
2020-01-02 18:27:00,"{2020-01-02T18:27:00.000, P(953777.6635312528, -1484421.9737926584, 6786480.708976634), V(-12.536117448635958, -7532.48405711907, -89.19911053027344), A(-1.1026583208639096, 1.7161339625165892, -7.845821630410079)}","{953,777.6635312528; -1,484,421.9737926584; 6,786,480.708976634}",2020-01-02 18:27:00,1.2388858718034843,322.34783489187623,"{lat: 75.5110257603 deg, lon: -57.2782567452 deg, alt: 653,997.4614806742}",75.5110257603328,-57.27825674520747,2,18
2020-01-02 19:59:00,"{2020-01-02T19:59:00.000, P(901881.7663314036, 879137.7285278168, 6417222.213324863), V(358.46413869417853, -7637.125886422444, 2550.6048790250966), A(-1.2853576215281775, -1.2529429265797678, -9.14579470265738)}","{901,881.7663314036; 879,137.7285278168; 6,417,222.213324863}",2020-01-02 19:59:00,0.8060914847456984,20.07608941684636,"{lat: 78.9665028987 deg, lon: 44.268359191 deg, alt: 182,107.6412090412}",78.96650289872144,44.26835919098555,2,19
2020-01-02 20:00:00,"{2020-01-02T20:00:00.000, P(921090.9291730762, 419070.64123567333, 6553902.509000848), V(282.10605021818327, -7691.641883599097, 2007.2888482238652), A(-1.2589022345807028, -0.5727653481208316, -8.95755484337736)}","{921,090.9291730762; 419,070.6412356733; 6,553,902.509000848}",2020-01-02 20:00:00,3.3835677685861314,2.238555301041322,"{lat: 81.2781404118 deg, lon: 24.4642090171 deg, alt: 274,317.9872877903}",81.27814041182566,24.464209017055246,2,20
2020-01-02 20:01:00,"{2020-01-02T20:01:00.000, P(935769.6806686467, -43073.69754798883, 6658347.252954833), V(207.50502954183847, -7706.877120149089, 1476.4750044444427), A(-1.2269843240714624, 0.0564783757830384, -8.730447109338144)}","{935,769.6806686467; -43,073.6975479888; 6,658,347.252954833}",2020-01-02 20:01:00,4.237221759153627,347.71620855352927,"{lat: 82.0416924788 deg, lon: -2.6354778648 deg, alt: 366,755.1295918023}",82.0416924788335,-2.6354778647662767,2,20
2020-01-02 20:02:00,"{2020-01-02T20:02:00.000, P(946032.5938742524, -505029.7484520345, 6731371.674841457), V(134.95499602477545, -7685.866499282007, 960.2546925991725), A(-1.190708556321103, 0.6356474888628023, -8.472331609830995)}","{946,032.5938742524; -505,029.7484520345; 6,731,371.674841457}",2020-01-02 20:02:00,3.871707222519541,336.8824037303516,"{lat: 81.0037142983 deg, lon: -28.0950695469 deg, alt: 458,980.5011024781}",81.00371429830267,-28.095069546924684,2,20
2020-01-02 20:03:00,"{2020-01-02T20:03:00.000, P(952009.971608449, -964712.001954234, 6773902.927390613), V(64.6877362320367, -7631.568140026461, 460.2771597950135), A(-1.1510416484659618, 1.1663992249453081, -8.190086894697918)}","{952,009.971608449; -964,712.001954234; 6,773,902.927390613}",2020-01-02 20:03:00,2.8322480690468628,328.95229258054184,"{lat: 78.7533408927 deg, lon: -45.3796909967 deg, alt: 550,593.7640700557}",78.75334089273511,-45.37969099672648,2,20
2020-01-02 20:04:00,"{2020-01-02T20:04:00.000, P(953844.3649212259, -1420209.083255811, 6786955.314027291), V(-3.1189257774010932, -7546.822805487421, -22.192310042880095), A(-1.1088167598312417, 1.6509523900250316, -7.889641200575387)}","{953,844.3649212259; -1,420,209.083255811; 6,786,955.314027291}",2020-01-02 20:04:00,1.4512794248560608,323.05927628957284,"{lat: 75.9348009121 deg, lon: -56.113802517 deg, alt: 641,230.7328162976}",75.93480091206618,-56.113802516959964,2,20
2020-01-02 21:36:00,"{2020-01-02T21:36:00.000, P(898782.2020325412, 944133.7087438034, 6395167.667360154), V(369.4249676292612, -7626.027031356041, 2628.595229362016), A(-1.2885999198091893, -1.3536211761037622, -9.16886485367703)}","{898,782.2020325412; 944,133.7087438034; 6,395,167.667360154}",2020-01-02 21:36:00,0.3025640192986773,22.749624370975937,"{lat: 78.5523203644 deg, lon: 46.4096821131 deg, alt: 169,064.5016915373}",78.55232036444862,46.409682113146566,2,21
2020-01-02 21:37:00,"{2020-01-02T21:37:00.000, P(918642.6280182198, 484555.66969808843, 6536481.941092305), V(292.84526725201675, -7686.366692381468, 2083.7023479485165), A(-1.2630173972144747, -0.6662027453133366, -8.986835746984388)}","{918,642.6280182198; 484,555.6696980884; 6,536,481.941092305}",2020-01-02 21:37:00,3.1283954267415215,4.604023969801142,"{lat: 81.0286744508 deg, lon: 27.8102651992 deg, alt: 261,204.8189433793}",81.02867445084551,27.810265199222805,2,21
2020-01-02 21:38:00,"{2020-01-02T21:38:00.000, P(933957.8784771921, 22563.991388667735, 6645455.610498807), V(217.9753990052428, -7706.991614549483, 1550.975554306526), A(-1.231804377053478, -0.029759825359229684, -8.764743568386663)}","{933,957.8784771921; 22,563.9913886677; 6,645,455.610498807}",2020-01-02 21:38:00,4.2050450418186935,349.5419425114256,"{lat: 82.0478094285 deg, lon: 1.3839703702 deg, alt: 353,637.3859856239}",82.04780942851283,1.3839703701950699,2,21
2020-01-02 21:39:00,"{2020-01-02T21:39:00.000, P(944839.9829612595, -439549.91009423457, 6722885.807260563), V(145.11877382821734, -7690.943448441437, 1032.5737294468236), A(-1.1960851359707787, 0.5564319074784143, -8.510587961880285)}","{944,839.9829612595; -439,549.9100942346; 6,722,885.807260563}",2020-01-02 21:39:00,3.9750187377326838,338.2214185748129,"{lat: 81.2432951827 deg, lon: -24.9483648083 deg, alt: 445,918.0620991763}",81.24329518274155,-24.948364808321887,2,21
2020-01-02 21:40:00,"{2020-01-02T21:40:00.000, P(951417.2349526304, -899675.2730667115, 6769685.386936454), V(74.51549415084432, -7641.1940137936035, 530.205290929419), A(-1.156845822579481, 1.0939318136034168, -8.2313857394487)}","{951,417.2349526304; -899,675.2730667115; 6,769,685.386936454}",2020-01-02 21:40:00,3.00615917399536,329.9359151935598,"{lat: 79.1186980325 deg, lon: -43.3988783444 deg, alt: 537,641.2022144004}",79.11869803245308,-43.39887834440951,2,21
2020-01-02 21:41:00,"{2020-01-02T21:41:00.000, P(953830.6405990417, -1355876.449308623, 6786857.660400761), V(6.350558484275731, -7560.602688284273, 45.18657155924902), A(-1.11493811416715, 1.5848917691367006, -7.933196899877094)}","{953,830.6405990417; -1,355,876.449308623; 6,786,857.660400761}",2020-01-02 21:41:00,1.6603995637792504,323.79848208961266,"{lat: 76.3541596328 deg, lon: -54.874417561 deg, alt: 628,437.6261103898}",76.35415963278244,-54.87441756102502,2,21
2020-01-02 21:42:00,"{2020-01-02T21:42:00.000, P(952230.8502591642, -1806385.2172857032, 6775474.560654234), V(-59.2382925292851, -7451.887065976523, -421.5023530686109), A(-1.0710871846573946, 2.031856094835297, -7.621181323744976)}","{952,230.8502591642; -1,806,385.2172857032; 6,775,474.560654234}",2020-01-02 21:42:00,0.12769715020185082,319.133336191766,"{lat: 73.3234996816 deg, lon: -62.2041705932 deg, alt: 717,972.3282111282}",73.32349968156916,-62.20417059318504,2,21
2020-01-02 23:14:00,"{2020-01-02T23:14:00.000, P(916102.7169584507, 549992.3701792081, 6518409.534840075), V(303.6190519341618, -7680.291347838581, 2160.3618092713386), A(-1.2670193406329102, -0.7606690355981085, -9.015311054014619)}","{916,102.7169584507; 549,992.3701792081; 6,518,409.534840075}",2020-01-02 23:14:00,2.8362760056711522,7.036182623296581,"{lat: 80.7496243375 deg, lon: 30.9789640068 deg, alt: 248,097.472772341}",80.74962433752121,30.978964006761217,2,23
2020-01-02 23:15:00,"{2020-01-02T23:15:00.000, P(932056.7302215338, 88199.51562435577, 6631928.237762732), V(228.4864356083316, -7706.367334676751, 1625.765465903016), A(-1.2365338669472747, -0.1170118562331921, -8.798395637579308)}","{932,056.7302215338; 88,199.5156243558; 6,631,928.237762732}",2020-01-02 23:15:00,4.146518337132668,351.44522549707017,"{lat: 82.015139681 deg, lon: 5.4057402388 deg, alt: 340,516.5186424479}",82.01513968097476,5.405740238801071,2,23
2020-01-02 23:16:00,"{2020-01-02T23:16:00.000, P(943560.6166919133, -374029.71793110034, 6713782.643243817), V(155.32804280895203, -7695.341569350063, 1105.2164528400197), A(-1.2013910150472595, 0.47623431344401507, -8.548341253211706)}","{943,560.6166919133; -374,029.7179311003; 6,713,782.643243817}",2020-01-02 23:16:00,4.0638537519140865,339.62166617574144,"{lat: 81.4562276673 deg, lon: -21.6234947064 deg, alt: 432,844.3297650134}",81.456227667313,-21.623494706424683,2,23
2020-01-02 23:17:00,"{2020-01-02T23:17:00.000, P(950740.5889865526, -834559.2035661404, 6764870.800716651), V(84.39245766141444, -7650.198718031186, 600.4835380416232), A(-1.1625964423026838, 1.0205260743008833, -8.272303524912122)}","{950,740.5889865526; -834,559.2035661404; 6,764,870.800716651}",2020-01-02 23:17:00,3.172758928478209,330.9624008671747,"{lat: 79.4717846758 deg, lon: -41.2766310247 deg, alt: 524,669.9125488349}",79.47178467578452,-41.276631024745896,2,23
2020-01-02 23:18:00,"{2020-01-02T23:18:00.000, P(953736.0465751291, -1291428.8635807366, 6786184.588947095), V(15.872011542425469, -7573.816185893947, 112.93523036231024), A(-1.1210205073497583, 1.5179443464008333, -7.976475376168262)}","{953,736.0465751291; -1,291,428.8635807366; 6,786,184.588947095}",2020-01-02 23:18:00,1.8658997325241178,324.5669796059214,"{lat: 76.7684788441 deg, lon: -53.553677755 deg, alt: 615,619.045869835}",76.76847884409872,-53.55367775498835,2,23
2020-01-02 23:19:00,"{2020-01-02T23:19:00.000, P(952696.440220414, -1742847.2399379818, 6778787.405367556), V(-50.08930509671749, -7468.933046509293, -356.40392490044565), A(-1.0774057421361152, 1.9709883911614365, -7.666140196318209)}","{952,696.440220414; -1,742,847.2399379818; 6,778,787.405367556}",2020-01-02 23:19:00,0.3523695715262504,319.7250095176395,"{lat: 73.7622567328 deg, lon: -61.3375628503 deg, alt: 705,352.0187115226}",73.76225673278547,-61.33756285027303,2,23
